strut_id,defect_class,touches_excluded_nominal_plane,excluded_nominal_axis,excluded_nominal_value,x0_nominal,y0_nominal,z0_nominal,x1_nominal,y1_nominal,z1_nominal,same_material_component_connects_a_to_b,a_collar_foreground_fraction,b_collar_foreground_fraction,endpoint0_to_collar_component_voxel_count_in_corridor,endpoint1_to_collar_component_voxel_count_in_corridor,minimum_endpoint_to_collar_component_voxel_count_in_corridor,central_material_slice_fraction,a_side_material_slice_fraction,b_side_material_slice_fraction,longest_empty_run_slices,central_mean_foreground_fraction,central_reference_foreground_fraction_p90,central_minimum_foreground_fraction,central_minimum_smoothed_foreground_fraction,central_minimum_relative_to_reference,central_material_loss_fraction,central_deficit_cutoff_foreground_fraction,central_deficit_fraction,longest_deficit_run_samples,minimum_endpoint_collar_foreground_fraction,both_endpoint_segments_observed,reasons
10,missing,False,y,18.0,0.0,0.0,2.0,1.0,0.0,1.0,False,0.0,0.0,0,0,0,0.0,0.0,0.0,33,0.0,0.0,0.0,0.0,,1.0,0.0,0.0,0,0.0,False,primary_disconnected|central_present_slice_fraction_at_most_10_percent
214,missing,False,y,18.0,18.0,1.0,1.0,17.0,1.0,2.0,False,0.0,0.0,0,0,0,0.0,0.0,0.0,34,0.0,0.0,0.0,0.0,,1.0,0.0,0.0,0,0.0,False,primary_disconnected|central_present_slice_fraction_at_most_10_percent
946,missing,False,y,18.0,6.0,9.0,1.0,5.0,9.0,2.0,False,0.0,0.0,0,0,0,0.0,0.0,0.0,33,0.0,0.0,0.0,0.0,,1.0,0.0,0.0,0,0.0,False,primary_disconnected|central_present_slice_fraction_at_most_10_percent
1310,missing,False,y,18.0,16.0,11.0,1.0,17.0,12.0,1.0,False,0.0,0.0,0,0,0,0.0,0.0,0.0,34,0.0,0.0,0.0,0.0,,1.0,0.0,0.0,0,0.0,False,primary_disconnected|central_present_slice_fraction_at_most_10_percent
1666,missing,False,y,18.0,10.0,16.0,2.0,10.0,15.0,1.0,False,0.0,0.0,0,0,0,0.0,0.0,0.0,34,0.0,0.0,0.0,0.0,,1.0,0.0,0.0,0,0.0,False,primary_disconnected|central_present_slice_fraction_at_most_10_percent
1728,missing,False,y,18.0,15.0,14.0,1.0,16.0,15.0,1.0,False,0.0,0.0,0,0,0,0.0,0.0,0.0,34,0.0,0.0,0.0,0.0,,1.0,0.0,0.0,0,0.0,False,primary_disconnected|central_present_slice_fraction_at_most_10_percent
1772,missing,True,y,18.0,2.0,18.0,0.0,1.0,18.0,1.0,False,0.0,0.0,0,0,0,0.0,0.0,0.0,36,0.0,0.0,0.0,0.0,,1.0,0.0,0.0,0,0.0,False,primary_disconnected|central_present_slice_fraction_at_most_10_percent
1773,missing,True,y,18.0,0.0,18.0,0.0,1.0,18.0,1.0,False,0.0,0.0,0,0,0,0.0,0.0,0.0,33,0.0,0.0,0.0,0.0,,1.0,0.0,0.0,0,0.0,False,primary_disconnected|central_present_slice_fraction_at_most_10_percent
1774,missing,True,y,18.0,0.0,18.0,2.0,1.0,18.0,1.0,False,0.0,0.0,0,0,0,0.0,0.0,0.0,33,0.0,0.0,0.0,0.0,,1.0,0.0,0.0,0,0.0,False,primary_disconnected|central_present_slice_fraction_at_most_10_percent
1775,missing,True,y,18.0,2.0,18.0,2.0,1.0,18.0,1.0,False,0.0,0.0,0,0,0,0.0,0.0,0.0,33,0.0,0.0,0.0,0.0,,1.0,0.0,0.0,0,0.0,False,primary_disconnected|central_present_slice_fraction_at_most_10_percent
1800,missing,True,y,18.0,4.0,18.0,0.0,3.0,18.0,1.0,False,0.0,0.0,0,0,0,0.0,0.0,0.0,36,0.0,0.0,0.0,0.0,,1.0,0.0,0.0,0,0.0,False,primary_disconnected|central_present_slice_fraction_at_most_10_percent
1801,missing,True,y,18.0,2.0,18.0,0.0,3.0,18.0,1.0,False,0.0,0.0,0,0,0,0.0,0.0,0.0,36,0.0,0.0,0.0,0.0,,1.0,0.0,0.0,0,0.0,False,primary_disconnected|central_present_slice_fraction_at_most_10_percent
1802,missing,True,y,18.0,2.0,18.0,2.0,3.0,18.0,1.0,False,0.0,0.0,0,0,0,0.0,0.0,0.0,33,0.0,0.0,0.0,0.0,,1.0,0.0,0.0,0,0.0,False,primary_disconnected|central_present_slice_fraction_at_most_10_percent
1803,missing,True,y,18.0,4.0,18.0,2.0,3.0,18.0,1.0,False,0.0,0.0,0,0,0,0.0,0.0,0.0,33,0.0,0.0,0.0,0.0,,1.0,0.0,0.0,0,0.0,False,primary_disconnected|central_present_slice_fraction_at_most_10_percent
1828,missing,True,y,18.0,6.0,18.0,0.0,5.0,18.0,1.0,False,0.0,0.0,0,0,0,0.0,0.0,0.0,36,0.0,0.0,0.0,0.0,,1.0,0.0,0.0,0,0.0,False,primary_disconnected|central_present_slice_fraction_at_most_10_percent
1829,missing,True,y,18.0,4.0,18.0,0.0,5.0,18.0,1.0,False,0.0,0.0,0,0,0,0.0,0.0,0.0,36,0.0,0.0,0.0,0.0,,1.0,0.0,0.0,0,0.0,False,primary_disconnected|central_present_slice_fraction_at_most_10_percent
1830,missing,True,y,18.0,4.0,18.0,2.0,5.0,18.0,1.0,False,0.0,0.0,0,0,0,0.0,0.0,0.0,33,0.0,0.0,0.0,0.0,,1.0,0.0,0.0,0,0.0,False,primary_disconnected|central_present_slice_fraction_at_most_10_percent
1831,missing,True,y,18.0,6.0,18.0,2.0,5.0,18.0,1.0,False,0.0,0.0,0,0,0,0.0,0.0,0.0,33,0.0,0.0,0.0,0.0,,1.0,0.0,0.0,0,0.0,False,primary_disconnected|central_present_slice_fraction_at_most_10_percent
1856,missing,True,y,18.0,8.0,18.0,0.0,7.0,18.0,1.0,False,0.0221238938053,0.0796460176991,0,0,0,0.0,0.0,0.0,38,0.0016301816488122963,0.0,0.0,0.0,,1.0,0.0,0.0,0,0.0221238938053,False,primary_disconnected|central_present_slice_fraction_at_most_10_percent
1857,missing,True,y,18.0,6.0,18.0,0.0,7.0,18.0,1.0,False,0.0,0.137168141593,0,0,0,0.05263157894736842,0.0,0.16666666666666666,36,0.005123428039124359,0.0,0.0,0.0,,1.0,0.0,0.0,0,0.0,False,primary_disconnected|central_present_slice_fraction_at_most_10_percent
1858,missing,True,y,18.0,6.0,18.0,2.0,7.0,18.0,1.0,False,0.0,0.0,0,0,0,0.0,0.0,0.0,32,0.0,0.0,0.0,0.0,,1.0,0.0,0.0,0,0.0,False,primary_disconnected|central_present_slice_fraction_at_most_10_percent
1859,missing,True,y,18.0,8.0,18.0,2.0,7.0,18.0,1.0,False,0.0,0.0,0,0,0,0.0,0.0,0.0,32,0.0,0.0,0.0,0.0,,1.0,0.0,0.0,0,0.0,False,primary_disconnected|central_present_slice_fraction_at_most_10_percent
1884,missing,True,y,18.0,10.0,18.0,0.0,9.0,18.0,1.0,False,0.0,0.0,0,0,0,0.0,0.0,0.0,36,0.0,0.0,0.0,0.0,,1.0,0.0,0.0,0,0.0,False,primary_disconnected|central_present_slice_fraction_at_most_10_percent
1885,missing,True,y,18.0,8.0,18.0,0.0,9.0,18.0,1.0,False,0.0,0.0,0,0,0,0.0,0.0,0.0,36,0.0,0.0,0.0,0.0,,1.0,0.0,0.0,0,0.0,False,primary_disconnected|central_present_slice_fraction_at_most_10_percent
1886,missing,True,y,18.0,8.0,18.0,2.0,9.0,18.0,1.0,False,0.0,0.0,0,0,0,0.0,0.0,0.0,33,0.0,0.0,0.0,0.0,,1.0,0.0,0.0,0,0.0,False,primary_disconnected|central_present_slice_fraction_at_most_10_percent
1887,missing,True,y,18.0,10.0,18.0,2.0,9.0,18.0,1.0,False,0.0,0.0,0,0,0,0.0,0.0,0.0,33,0.0,0.0,0.0,0.0,,1.0,0.0,0.0,0,0.0,False,primary_disconnected|central_present_slice_fraction_at_most_10_percent
1912,missing,True,y,18.0,12.0,18.0,0.0,11.0,18.0,1.0,False,0.0309734513274,0.0,824,0,0,0.0,0.0,0.0,33,0.0002681684097613301,0.0,0.0,0.0,,1.0,0.0,0.0,0,0.0,False,primary_disconnected|central_present_slice_fraction_at_most_10_percent
1913,missing,True,y,18.0,10.0,18.0,0.0,11.0,18.0,1.0,False,0.00442477876106,0.203539823009,926,0,0,0.08108108108108109,0.0,0.25,34,0.009567089213106911,0.0,0.0,0.0,,1.0,0.0,0.0,0,0.00442477876106,False,primary_disconnected|central_present_slice_fraction_at_most_10_percent
1914,missing,True,y,18.0,10.0,18.0,2.0,11.0,18.0,1.0,False,0.0,0.176991150442,0,0,0,0.05555555555555555,0.0,0.16666666666666666,34,0.00663716814159292,0.0,0.0,0.0,,1.0,0.0,0.0,0,0.0,False,primary_disconnected|central_present_slice_fraction_at_most_10_percent
1915,missing,True,y,18.0,12.0,18.0,2.0,11.0,18.0,1.0,False,0.0,0.0,0,0,0,0.0,0.0,0.0,32,0.0,0.0,0.0,0.0,,1.0,0.0,0.0,0,0.0,False,primary_disconnected|central_present_slice_fraction_at_most_10_percent
1940,missing,True,y,18.0,14.0,18.0,0.0,13.0,18.0,1.0,False,0.0442477876106,0.0,0,0,0,0.0,0.0,0.0,33,0.0013408420488066506,0.0,0.0,0.0,,1.0,0.0,0.0,0,0.0,False,primary_disconnected|central_present_slice_fraction_at_most_10_percent
1941,missing,True,y,18.0,12.0,18.0,0.0,13.0,18.0,1.0,False,0.0,0.181415929204,0,0,0,0.05405405405405406,0.0,0.16666666666666666,35,0.0071753169098301844,0.0,0.0,0.0,,1.0,0.0,0.0,0,0.0,False,primary_disconnected|central_present_slice_fraction_at_most_10_percent
1942,missing,True,y,18.0,12.0,18.0,2.0,13.0,18.0,1.0,False,0.0,0.159292035398,0,0,0,0.05555555555555555,0.0,0.16666666666666666,34,0.005408062930186824,0.0,0.0,0.0,,1.0,0.0,0.0,0,0.0,False,primary_disconnected|central_present_slice_fraction_at_most_10_percent
1943,missing,True,y,18.0,14.0,18.0,2.0,13.0,18.0,1.0,False,0.0,0.0,0,0,0,0.0,0.0,0.0,32,0.0,0.0,0.0,0.0,,1.0,0.0,0.0,0,0.0,False,primary_disconnected|central_present_slice_fraction_at_most_10_percent
1968,missing,True,y,18.0,16.0,18.0,0.0,15.0,18.0,1.0,False,0.0973451327434,0.0,0,0,0,0.06060606060606061,0.18181818181818182,0.0,31,0.004558862965942612,0.0,0.0,0.0,,1.0,0.0,0.0,0,0.0,False,primary_disconnected|central_present_slice_fraction_at_most_10_percent
1969,missing,True,y,18.0,14.0,18.0,0.0,15.0,18.0,1.0,False,0.0,0.185840707965,0,0,0,0.05405405405405406,0.0,0.16666666666666666,35,0.007653671370485529,0.0,0.0,0.0,,1.0,0.0,0.0,0,0.0,False,primary_disconnected|central_present_slice_fraction_at_most_10_percent
1970,missing,True,y,18.0,14.0,18.0,2.0,15.0,18.0,1.0,False,0.0,0.154867256637,0,0,0,0.027777777777777776,0.0,0.08333333333333333,35,0.004178957718780728,0.0,0.0,0.0,,1.0,0.0,0.0,0,0.0,False,primary_disconnected|central_present_slice_fraction_at_most_10_percent
1971,missing,True,y,18.0,16.0,18.0,2.0,15.0,18.0,1.0,False,0.0,0.0,0,0,0,0.0,0.0,0.0,32,0.0,0.0,0.0,0.0,,1.0,0.0,0.0,0,0.0,False,primary_disconnected|central_present_slice_fraction_at_most_10_percent
2000,missing,True,y,18.0,18.0,18.0,0.0,17.0,18.0,1.0,False,0.00442477876106,0.0,0,0,0,0.0,0.0,0.0,32,0.0,0.0,0.0,0.0,,1.0,0.0,0.0,0,0.0,False,primary_disconnected|central_present_slice_fraction_at_most_10_percent
2001,missing,True,y,18.0,16.0,18.0,0.0,17.0,18.0,1.0,False,0.0,0.216814159292,0,0,0,0.08333333333333333,0.0,0.25,33,0.011307767944936086,0.0,0.0,0.0,,1.0,0.0,0.0,0,0.0,False,primary_disconnected|central_present_slice_fraction_at_most_10_percent
2002,missing,True,y,18.0,16.0,18.0,2.0,17.0,18.0,1.0,False,0.0,0.20796460177,0,0,0,0.05555555555555555,0.0,0.16666666666666666,34,0.009095378564405114,0.0,0.0,0.0,,1.0,0.0,0.0,0,0.0,False,primary_disconnected|central_present_slice_fraction_at_most_10_percent
2003,missing,True,y,18.0,18.0,18.0,2.0,17.0,18.0,1.0,False,0.0265486725664,0.0,0,0,0,0.0,0.0,0.0,32,0.0005530973451327434,0.0,0.0,0.0,,1.0,0.0,0.0,0,0.0,False,primary_disconnected|central_present_slice_fraction_at_most_10_percent
2251,missing,False,y,18.0,0.0,3.0,3.0,1.0,2.0,3.0,False,0.0,0.0,0,0,0,0.0,0.0,0.0,34,0.0,0.0,0.0,0.0,,1.0,0.0,0.0,0,0.0,False,primary_disconnected|central_present_slice_fraction_at_most_10_percent
2289,missing,False,y,18.0,4.0,4.0,2.0,4.0,3.0,3.0,False,0.0,0.0,0,0,0,0.0,0.0,0.0,34,0.0,0.0,0.0,0.0,,1.0,0.0,0.0,0,0.0,False,primary_disconnected|central_present_slice_fraction_at_most_10_percent
2303,missing,False,y,18.0,5.0,2.0,3.0,5.0,3.0,2.0,False,0.0,0.0,0,0,0,0.0,0.0,0.0,33,0.0,0.0,0.0,0.0,,1.0,0.0,0.0,0,0.0,False,primary_disconnected|central_present_slice_fraction_at_most_10_percent
2359,missing,False,y,18.0,10.0,4.0,2.0,11.0,3.0,2.0,False,0.0,0.0,0,0,0,0.0,0.0,0.0,34,0.0,0.0,0.0,0.0,,1.0,0.0,0.0,0,0.0,False,primary_disconnected|central_present_slice_fraction_at_most_10_percent
3256,missing,False,y,18.0,11.0,10.0,3.0,12.0,11.0,3.0,False,0.0,0.0,0,0,0,0.0,0.0,0.0,34,0.0,0.0,0.0,0.0,,1.0,0.0,0.0,0,0.0,False,primary_disconnected|central_present_slice_fraction_at_most_10_percent
3779,missing,True,y,18.0,0.0,18.0,2.0,1.0,17.0,2.0,False,0.0,0.0,0,0,0,0.0,0.0,0.0,34,0.0,0.0,0.0,0.0,,1.0,0.0,0.0,0,0.0,False,primary_disconnected|central_present_slice_fraction_at_most_10_percent
3781,missing,True,y,18.0,0.0,18.0,2.0,0.0,17.0,3.0,False,0.0,0.0353982300885,0,1358,0,0.0,0.0,0.0,34,0.0,0.0,0.0,0.0,,1.0,0.0,0.0,0,0.0,False,primary_disconnected|central_present_slice_fraction_at_most_10_percent
3788,missing,True,y,18.0,2.0,18.0,2.0,1.0,18.0,3.0,False,0.0,0.0,0,0,0,0.0,0.0,0.0,32,0.0,0.0,0.0,0.0,,1.0,0.0,0.0,0,0.0,False,primary_disconnected|central_present_slice_fraction_at_most_10_percent
3789,missing,True,y,18.0,0.0,18.0,2.0,1.0,18.0,3.0,False,0.0,0.0,0,0,0,0.0,0.0,0.0,33,0.0,0.0,0.0,0.0,,1.0,0.0,0.0,0,0.0,False,primary_disconnected|central_present_slice_fraction_at_most_10_percent
3790,missing,True,y,18.0,0.0,18.0,4.0,1.0,18.0,3.0,False,0.0,0.0,0,0,0,0.0,0.0,0.0,33,0.0,0.0,0.0,0.0,,1.0,0.0,0.0,0,0.0,False,primary_disconnected|central_present_slice_fraction_at_most_10_percent
3791,missing,True,y,18.0,2.0,18.0,4.0,1.0,18.0,3.0,False,0.0,0.0,0,0,0,0.0,0.0,0.0,33,0.0,0.0,0.0,0.0,,1.0,0.0,0.0,0,0.0,False,primary_disconnected|central_present_slice_fraction_at_most_10_percent
3816,missing,True,y,18.0,4.0,18.0,2.0,3.0,18.0,3.0,False,0.0,0.0,0,0,0,0.0,0.0,0.0,32,0.0,0.0,0.0,0.0,,1.0,0.0,0.0,0,0.0,False,primary_disconnected|central_present_slice_fraction_at_most_10_percent
3817,missing,True,y,18.0,2.0,18.0,2.0,3.0,18.0,3.0,False,0.0,0.0,0,0,0,0.0,0.0,0.0,33,0.0,0.0,0.0,0.0,,1.0,0.0,0.0,0,0.0,False,primary_disconnected|central_present_slice_fraction_at_most_10_percent
3818,missing,True,y,18.0,2.0,18.0,4.0,3.0,18.0,3.0,False,0.0,0.0,0,0,0,0.0,0.0,0.0,33,0.0,0.0,0.0,0.0,,1.0,0.0,0.0,0,0.0,False,primary_disconnected|central_present_slice_fraction_at_most_10_percent
3819,missing,True,y,18.0,4.0,18.0,4.0,3.0,18.0,3.0,False,0.0,0.0,0,0,0,0.0,0.0,0.0,33,0.0,0.0,0.0,0.0,,1.0,0.0,0.0,0,0.0,False,primary_disconnected|central_present_slice_fraction_at_most_10_percent
3844,missing,True,y,18.0,6.0,18.0,2.0,5.0,18.0,3.0,False,0.0,0.0,0,0,0,0.0,0.0,0.0,32,0.0,0.0,0.0,0.0,,1.0,0.0,0.0,0,0.0,False,primary_disconnected|central_present_slice_fraction_at_most_10_percent
3845,missing,True,y,18.0,4.0,18.0,2.0,5.0,18.0,3.0,False,0.0,0.0,0,0,0,0.0,0.0,0.0,33,0.0,0.0,0.0,0.0,,1.0,0.0,0.0,0,0.0,False,primary_disconnected|central_present_slice_fraction_at_most_10_percent
3846,missing,True,y,18.0,4.0,18.0,4.0,5.0,18.0,3.0,False,0.0,0.0,0,0,0,0.0,0.0,0.0,33,0.0,0.0,0.0,0.0,,1.0,0.0,0.0,0,0.0,False,primary_disconnected|central_present_slice_fraction_at_most_10_percent
3847,missing,True,y,18.0,6.0,18.0,4.0,5.0,18.0,3.0,False,0.0,0.0,0,0,0,0.0,0.0,0.0,33,0.0,0.0,0.0,0.0,,1.0,0.0,0.0,0,0.0,False,primary_disconnected|central_present_slice_fraction_at_most_10_percent
3872,missing,True,y,18.0,8.0,18.0,2.0,7.0,18.0,3.0,False,0.0,0.0,0,0,0,0.0,0.0,0.0,32,0.0,0.0,0.0,0.0,,1.0,0.0,0.0,0,0.0,False,primary_disconnected|central_present_slice_fraction_at_most_10_percent
3873,missing,True,y,18.0,6.0,18.0,2.0,7.0,18.0,3.0,False,0.0,0.0,0,0,0,0.0,0.0,0.0,32,0.0,0.0,0.0,0.0,,1.0,0.0,0.0,0,0.0,False,primary_disconnected|central_present_slice_fraction_at_most_10_percent
3874,missing,True,y,18.0,6.0,18.0,4.0,7.0,18.0,3.0,False,0.0,0.0,0,0,0,0.0,0.0,0.0,33,0.0,0.0,0.0,0.0,,1.0,0.0,0.0,0,0.0,False,primary_disconnected|central_present_slice_fraction_at_most_10_percent
3875,missing,True,y,18.0,8.0,18.0,4.0,7.0,18.0,3.0,False,0.0,0.0,0,0,0,0.0,0.0,0.0,33,0.0,0.0,0.0,0.0,,1.0,0.0,0.0,0,0.0,False,primary_disconnected|central_present_slice_fraction_at_most_10_percent
3900,missing,True,y,18.0,10.0,18.0,2.0,9.0,18.0,3.0,False,0.0,0.0,0,0,0,0.0,0.0,0.0,31,0.0,0.0,0.0,0.0,,1.0,0.0,0.0,0,0.0,False,primary_disconnected|central_present_slice_fraction_at_most_10_percent
3901,missing,True,y,18.0,8.0,18.0,2.0,9.0,18.0,3.0,False,0.0,0.0,0,0,0,0.0,0.0,0.0,33,0.0,0.0,0.0,0.0,,1.0,0.0,0.0,0,0.0,False,primary_disconnected|central_present_slice_fraction_at_most_10_percent
3902,missing,True,y,18.0,8.0,18.0,4.0,9.0,18.0,3.0,False,0.0,0.0,0,0,0,0.0,0.0,0.0,33,0.0,0.0,0.0,0.0,,1.0,0.0,0.0,0,0.0,False,primary_disconnected|central_present_slice_fraction_at_most_10_percent
3903,missing,True,y,18.0,10.0,18.0,4.0,9.0,18.0,3.0,False,0.0,0.0,0,0,0,0.0,0.0,0.0,33,0.0,0.0,0.0,0.0,,1.0,0.0,0.0,0,0.0,False,primary_disconnected|central_present_slice_fraction_at_most_10_percent
3928,missing,True,y,18.0,12.0,18.0,2.0,11.0,18.0,3.0,False,0.0,0.0,0,0,0,0.0,0.0,0.0,31,0.0,0.0,0.0,0.0,,1.0,0.0,0.0,0,0.0,False,primary_disconnected|central_present_slice_fraction_at_most_10_percent
3929,missing,True,y,18.0,10.0,18.0,2.0,11.0,18.0,3.0,False,0.0,0.0,0,0,0,0.0,0.0,0.0,32,0.0,0.0,0.0,0.0,,1.0,0.0,0.0,0,0.0,False,primary_disconnected|central_present_slice_fraction_at_most_10_percent
3930,missing,True,y,18.0,10.0,18.0,4.0,11.0,18.0,3.0,False,0.0,0.0,0,0,0,0.0,0.0,0.0,33,0.0,0.0,0.0,0.0,,1.0,0.0,0.0,0,0.0,False,primary_disconnected|central_present_slice_fraction_at_most_10_percent
3931,missing,True,y,18.0,12.0,18.0,4.0,11.0,18.0,3.0,False,0.0,0.0,0,0,0,0.0,0.0,0.0,33,0.0,0.0,0.0,0.0,,1.0,0.0,0.0,0,0.0,False,primary_disconnected|central_present_slice_fraction_at_most_10_percent
3956,missing,True,y,18.0,14.0,18.0,2.0,13.0,18.0,3.0,False,0.0,0.0,0,0,0,0.0,0.0,0.0,32,0.0,0.0,0.0,0.0,,1.0,0.0,0.0,0,0.0,False,primary_disconnected|central_present_slice_fraction_at_most_10_percent
3957,missing,True,y,18.0,12.0,18.0,2.0,13.0,18.0,3.0,False,0.0,0.0,0,0,0,0.0,0.0,0.0,32,0.0,0.0,0.0,0.0,,1.0,0.0,0.0,0,0.0,False,primary_disconnected|central_present_slice_fraction_at_most_10_percent
3958,missing,True,y,18.0,12.0,18.0,4.0,13.0,18.0,3.0,False,0.0,0.0,0,0,0,0.0,0.0,0.0,33,0.0,0.0,0.0,0.0,,1.0,0.0,0.0,0,0.0,False,primary_disconnected|central_present_slice_fraction_at_most_10_percent
3959,missing,True,y,18.0,14.0,18.0,4.0,13.0,18.0,3.0,False,0.0,0.0,0,0,0,0.0,0.0,0.0,33,0.0,0.0,0.0,0.0,,1.0,0.0,0.0,0,0.0,False,primary_disconnected|central_present_slice_fraction_at_most_10_percent
3984,missing,True,y,18.0,16.0,18.0,2.0,15.0,18.0,3.0,False,0.0,0.0,0,0,0,0.0,0.0,0.0,32,0.0,0.0,0.0,0.0,,1.0,0.0,0.0,0,0.0,False,primary_disconnected|central_present_slice_fraction_at_most_10_percent
3985,missing,True,y,18.0,14.0,18.0,2.0,15.0,18.0,3.0,False,0.0,0.0,0,0,0,0.0,0.0,0.0,32,0.0,0.0,0.0,0.0,,1.0,0.0,0.0,0,0.0,False,primary_disconnected|central_present_slice_fraction_at_most_10_percent
3986,missing,True,y,18.0,14.0,18.0,4.0,15.0,18.0,3.0,False,0.0,0.0,0,0,0,0.0,0.0,0.0,33,0.0,0.0,0.0,0.0,,1.0,0.0,0.0,0,0.0,False,primary_disconnected|central_present_slice_fraction_at_most_10_percent
3987,missing,True,y,18.0,16.0,18.0,4.0,15.0,18.0,3.0,False,0.0,0.0,0,0,0,0.0,0.0,0.0,33,0.0,0.0,0.0,0.0,,1.0,0.0,0.0,0,0.0,False,primary_disconnected|central_present_slice_fraction_at_most_10_percent
4016,missing,True,y,18.0,18.0,18.0,2.0,17.0,18.0,3.0,False,0.0,0.0,0,0,0,0.0,0.0,0.0,28,0.0,0.0,0.0,0.0,,1.0,0.0,0.0,0,0.0,False,primary_disconnected|central_present_slice_fraction_at_most_10_percent
4017,missing,True,y,18.0,16.0,18.0,2.0,17.0,18.0,3.0,False,0.0,0.154867256637,0,0,0,0.05555555555555555,0.0,0.16666666666666666,34,0.007128810226155359,0.0,0.0,0.0,,1.0,0.0,0.0,0,0.0,False,primary_disconnected|central_present_slice_fraction_at_most_10_percent
4018,missing,True,y,18.0,16.0,18.0,4.0,17.0,18.0,3.0,False,0.0,0.188790560472,0,0,0,0.08108108108108109,0.0,0.25,34,0.010284620904089931,0.0,0.0,0.0,,1.0,0.0,0.0,0,0.0,False,primary_disconnected|central_present_slice_fraction_at_most_10_percent
4019,missing,True,y,18.0,18.0,18.0,4.0,17.0,18.0,3.0,False,0.0221238938053,0.0,0,0,0,0.0,0.0,0.0,32,0.0002765486725663717,0.0,0.0,0.0,,1.0,0.0,0.0,0,0.0,False,primary_disconnected|central_present_slice_fraction_at_most_10_percent
4101,missing,False,y,18.0,5.0,0.0,5.0,5.0,1.0,6.0,False,0.0,0.0,0,0,0,0.0,0.0,0.0,34,0.0,0.0,0.0,0.0,,1.0,0.0,0.0,0,0.0,False,primary_disconnected|central_present_slice_fraction_at_most_10_percent
4495,missing,False,y,18.0,1.0,6.0,5.0,1.0,5.0,4.0,False,0.0,0.0,0,0,0,0.0,0.0,0.0,34,0.0,0.0,0.0,0.0,,1.0,0.0,0.0,0,0.0,False,primary_disconnected|central_present_slice_fraction_at_most_10_percent
4661,missing,False,y,18.0,15.0,4.0,5.0,15.0,5.0,6.0,False,0.0,0.0,0,0,0,0.0,0.0,0.0,34,0.0,0.0,0.0,0.0,,1.0,0.0,0.0,0,0.0,False,primary_disconnected|central_present_slice_fraction_at_most_10_percent
4747,missing,False,y,18.0,4.0,6.0,6.0,4.0,7.0,5.0,False,0.0,0.0,0,0,0,0.0,0.0,0.0,35,0.0,0.0,0.0,0.0,,1.0,0.0,0.0,0,0.0,False,primary_disconnected|central_present_slice_fraction_at_most_10_percent
4752,missing,False,y,18.0,4.0,7.0,5.0,5.0,7.0,6.0,False,0.0,0.0,0,0,0,0.0,0.0,0.0,35,0.0,0.0,0.0,0.0,,1.0,0.0,0.0,0,0.0,False,primary_disconnected|central_present_slice_fraction_at_most_10_percent
4931,missing,False,y,18.0,1.0,8.0,5.0,1.0,9.0,4.0,False,0.0,0.0,0,0,0,0.0,0.0,0.0,34,0.0,0.0,0.0,0.0,,1.0,0.0,0.0,0,0.0,False,primary_disconnected|central_present_slice_fraction_at_most_10_percent
5066,missing,False,y,18.0,12.0,8.0,6.0,13.0,8.0,5.0,False,0.0,0.0,0,0,0,0.0,0.0,0.0,34,0.0,0.0,0.0,0.0,,1.0,0.0,0.0,0,0.0,False,primary_disconnected|central_present_slice_fraction_at_most_10_percent
5223,missing,False,y,18.0,7.0,10.0,5.0,7.0,11.0,4.0,False,0.0,0.0,0,0,0,0.0,0.0,0.0,34,0.0,0.0,0.0,0.0,,1.0,0.0,0.0,0,0.0,False,primary_disconnected|central_present_slice_fraction_at_most_10_percent
5621,missing,False,y,18.0,6.0,14.0,4.0,5.0,15.0,4.0,False,0.0,0.0,0,0,0,0.0,0.0,0.0,34,0.0,0.0,0.0,0.0,,1.0,0.0,0.0,0,0.0,False,primary_disconnected|central_present_slice_fraction_at_most_10_percent
5804,missing,True,y,18.0,2.0,18.0,4.0,1.0,18.0,5.0,False,0.0,0.0,0,0,0,0.0,0.0,0.0,33,0.0,0.0,0.0,0.0,,1.0,0.0,0.0,0,0.0,False,primary_disconnected|central_present_slice_fraction_at_most_10_percent
5805,missing,True,y,18.0,0.0,18.0,4.0,1.0,18.0,5.0,False,0.0,0.0,0,0,0,0.0,0.0,0.0,33,0.0,0.0,0.0,0.0,,1.0,0.0,0.0,0,0.0,False,primary_disconnected|central_present_slice_fraction_at_most_10_percent
5806,missing,True,y,18.0,0.0,18.0,6.0,1.0,18.0,5.0,False,0.0,0.0,0,0,0,0.0,0.0,0.0,33,0.0,0.0,0.0,0.0,,1.0,0.0,0.0,0,0.0,False,primary_disconnected|central_present_slice_fraction_at_most_10_percent
5807,missing,True,y,18.0,2.0,18.0,6.0,1.0,18.0,5.0,False,0.0,0.0,0,0,0,0.0,0.0,0.0,33,0.0,0.0,0.0,0.0,,1.0,0.0,0.0,0,0.0,False,primary_disconnected|central_present_slice_fraction_at_most_10_percent
5823,missing,True,y,18.0,2.0,18.0,4.0,3.0,17.0,4.0,False,0.0,0.0,0,0,0,0.0,0.0,0.0,33,0.0,0.0,0.0,0.0,,1.0,0.0,0.0,0,0.0,False,primary_disconnected|central_present_slice_fraction_at_most_10_percent
5832,missing,True,y,18.0,4.0,18.0,4.0,3.0,18.0,5.0,False,0.0,0.0,0,0,0,0.0,0.0,0.0,31,0.0,0.0,0.0,0.0,,1.0,0.0,0.0,0,0.0,False,primary_disconnected|central_present_slice_fraction_at_most_10_percent
5833,missing,True,y,18.0,2.0,18.0,4.0,3.0,18.0,5.0,False,0.0,0.0,0,0,0,0.0,0.0,0.0,33,0.0,0.0,0.0,0.0,,1.0,0.0,0.0,0,0.0,False,primary_disconnected|central_present_slice_fraction_at_most_10_percent
5834,missing,True,y,18.0,2.0,18.0,6.0,3.0,18.0,5.0,False,0.0,0.0,0,0,0,0.0,0.0,0.0,33,0.0,0.0,0.0,0.0,,1.0,0.0,0.0,0,0.0,False,primary_disconnected|central_present_slice_fraction_at_most_10_percent
5835,missing,True,y,18.0,4.0,18.0,6.0,3.0,18.0,5.0,False,0.0,0.0,0,0,0,0.0,0.0,0.0,33,0.0,0.0,0.0,0.0,,1.0,0.0,0.0,0,0.0,False,primary_disconnected|central_present_slice_fraction_at_most_10_percent
5860,missing,True,y,18.0,6.0,18.0,4.0,5.0,18.0,5.0,False,0.0,0.0,0,0,0,0.0,0.0,0.0,32,0.0,0.0,0.0,0.0,,1.0,0.0,0.0,0,0.0,False,primary_disconnected|central_present_slice_fraction_at_most_10_percent
5861,missing,True,y,18.0,4.0,18.0,4.0,5.0,18.0,5.0,False,0.0,0.0,0,0,0,0.0,0.0,0.0,33,0.0,0.0,0.0,0.0,,1.0,0.0,0.0,0,0.0,False,primary_disconnected|central_present_slice_fraction_at_most_10_percent
5862,missing,True,y,18.0,4.0,18.0,6.0,5.0,18.0,5.0,False,0.0,0.0,0,0,0,0.0,0.0,0.0,33,0.0,0.0,0.0,0.0,,1.0,0.0,0.0,0,0.0,False,primary_disconnected|central_present_slice_fraction_at_most_10_percent
5863,missing,True,y,18.0,6.0,18.0,6.0,5.0,18.0,5.0,False,0.0,0.0,0,0,0,0.0,0.0,0.0,33,0.0,0.0,0.0,0.0,,1.0,0.0,0.0,0,0.0,False,primary_disconnected|central_present_slice_fraction_at_most_10_percent
5888,missing,True,y,18.0,8.0,18.0,4.0,7.0,18.0,5.0,False,0.0,0.0,0,0,0,0.0,0.0,0.0,33,0.0,0.0,0.0,0.0,,1.0,0.0,0.0,0,0.0,False,primary_disconnected|central_present_slice_fraction_at_most_10_percent
5889,missing,True,y,18.0,6.0,18.0,4.0,7.0,18.0,5.0,False,0.0,0.0,0,0,0,0.0,0.0,0.0,33,0.0,0.0,0.0,0.0,,1.0,0.0,0.0,0,0.0,False,primary_disconnected|central_present_slice_fraction_at_most_10_percent
5890,missing,True,y,18.0,6.0,18.0,6.0,7.0,18.0,5.0,False,0.0,0.0,0,0,0,0.0,0.0,0.0,33,0.0,0.0,0.0,0.0,,1.0,0.0,0.0,0,0.0,False,primary_disconnected|central_present_slice_fraction_at_most_10_percent
5891,missing,True,y,18.0,8.0,18.0,6.0,7.0,18.0,5.0,False,0.0,0.0,0,0,0,0.0,0.0,0.0,33,0.0,0.0,0.0,0.0,,1.0,0.0,0.0,0,0.0,False,primary_disconnected|central_present_slice_fraction_at_most_10_percent
5916,missing,True,y,18.0,10.0,18.0,4.0,9.0,18.0,5.0,False,0.0,0.0,0,0,0,0.0,0.0,0.0,32,0.0,0.0,0.0,0.0,,1.0,0.0,0.0,0,0.0,False,primary_disconnected|central_present_slice_fraction_at_most_10_percent
5917,missing,True,y,18.0,8.0,18.0,4.0,9.0,18.0,5.0,False,0.0,0.0,0,0,0,0.0,0.0,0.0,33,0.0,0.0,0.0,0.0,,1.0,0.0,0.0,0,0.0,False,primary_disconnected|central_present_slice_fraction_at_most_10_percent
5918,missing,True,y,18.0,8.0,18.0,6.0,9.0,18.0,5.0,False,0.0,0.0,0,0,0,0.0,0.0,0.0,33,0.0,0.0,0.0,0.0,,1.0,0.0,0.0,0,0.0,False,primary_disconnected|central_present_slice_fraction_at_most_10_percent
5919,missing,True,y,18.0,10.0,18.0,6.0,9.0,18.0,5.0,False,0.0,0.0,0,0,0,0.0,0.0,0.0,33,0.0,0.0,0.0,0.0,,1.0,0.0,0.0,0,0.0,False,primary_disconnected|central_present_slice_fraction_at_most_10_percent
5944,missing,True,y,18.0,12.0,18.0,4.0,11.0,18.0,5.0,False,0.0,0.0,0,0,0,0.0,0.0,0.0,33,0.0,0.0,0.0,0.0,,1.0,0.0,0.0,0,0.0,False,primary_disconnected|central_present_slice_fraction_at_most_10_percent
5945,missing,True,y,18.0,10.0,18.0,4.0,11.0,18.0,5.0,False,0.0,0.0,0,0,0,0.0,0.0,0.0,33,0.0,0.0,0.0,0.0,,1.0,0.0,0.0,0,0.0,False,primary_disconnected|central_present_slice_fraction_at_most_10_percent
5946,missing,True,y,18.0,10.0,18.0,6.0,11.0,18.0,5.0,False,0.00442477876106,0.0,0,0,0,0.0,0.0,0.0,35,0.0,0.0,0.0,0.0,,1.0,0.0,0.0,0,0.0,False,primary_disconnected|central_present_slice_fraction_at_most_10_percent
5947,missing,True,y,18.0,12.0,18.0,6.0,11.0,18.0,5.0,False,0.0,0.0,0,0,0,0.0,0.0,0.0,33,0.0,0.0,0.0,0.0,,1.0,0.0,0.0,0,0.0,False,primary_disconnected|central_present_slice_fraction_at_most_10_percent
5972,missing,True,y,18.0,14.0,18.0,4.0,13.0,18.0,5.0,False,0.0,0.0,0,0,0,0.0,0.0,0.0,32,0.0,0.0,0.0,0.0,,1.0,0.0,0.0,0,0.0,False,primary_disconnected|central_present_slice_fraction_at_most_10_percent
5973,missing,True,y,18.0,12.0,18.0,4.0,13.0,18.0,5.0,False,0.0,0.0,0,0,0,0.0,0.0,0.0,33,0.0,0.0,0.0,0.0,,1.0,0.0,0.0,0,0.0,False,primary_disconnected|central_present_slice_fraction_at_most_10_percent
5974,missing,True,y,18.0,12.0,18.0,6.0,13.0,18.0,5.0,False,0.0,0.0,0,0,0,0.0,0.0,0.0,33,0.0,0.0,0.0,0.0,,1.0,0.0,0.0,0,0.0,False,primary_disconnected|central_present_slice_fraction_at_most_10_percent
5975,missing,True,y,18.0,14.0,18.0,6.0,13.0,18.0,5.0,False,0.0,0.0,0,0,0,0.0,0.0,0.0,33,0.0,0.0,0.0,0.0,,1.0,0.0,0.0,0,0.0,False,primary_disconnected|central_present_slice_fraction_at_most_10_percent
6000,missing,True,y,18.0,16.0,18.0,4.0,15.0,18.0,5.0,False,0.0,0.0,0,0,0,0.0,0.0,0.0,30,0.0,0.0,0.0,0.0,,1.0,0.0,0.0,0,0.0,False,primary_disconnected|central_present_slice_fraction_at_most_10_percent
6001,missing,True,y,18.0,14.0,18.0,4.0,15.0,18.0,5.0,False,0.0,0.181415929204,0,0,0,0.05555555555555555,0.0,0.16666666666666666,34,0.00663716814159292,0.0,0.0,0.0,,1.0,0.0,0.0,0,0.0,False,primary_disconnected|central_present_slice_fraction_at_most_10_percent
6002,missing,True,y,18.0,14.0,18.0,6.0,15.0,18.0,5.0,False,0.0,0.117994100295,0,0,0,0.027777777777777776,0.0,0.08333333333333333,35,0.004424778761061947,0.0,0.0,0.0,,1.0,0.0,0.0,0,0.0,False,primary_disconnected|central_present_slice_fraction_at_most_10_percent
6032,missing,True,y,18.0,18.0,18.0,4.0,17.0,18.0,5.0,False,0.0,0.0,0,0,0,0.0,0.0,0.0,28,0.0,0.0,0.0,0.0,,1.0,0.0,0.0,0,0.0,False,primary_disconnected|central_present_slice_fraction_at_most_10_percent
6033,missing,True,y,18.0,16.0,18.0,4.0,17.0,18.0,5.0,False,0.0,0.154867256637,0,0,0,0.05555555555555555,0.0,0.16666666666666666,34,0.006391347099311702,0.0,0.0,0.0,,1.0,0.0,0.0,0,0.0,False,primary_disconnected|central_present_slice_fraction_at_most_10_percent
6035,missing,True,y,18.0,18.0,18.0,6.0,17.0,18.0,5.0,False,0.0309734513274,0.0,0,0,0,0.0,0.0,0.0,32,0.0011061946902654867,0.0,0.0,0.0,,1.0,0.0,0.0,0,0.0,False,primary_disconnected|central_present_slice_fraction_at_most_10_percent
6166,missing,False,y,18.0,9.0,2.0,7.0,9.0,1.0,8.0,False,0.176991150442,0.0,1642,0,0,0.08823529411764706,0.2727272727272727,0.0,31,0.013014055179593961,0.0061946902654867195,0.0,0.0,0.0,0.8823529411764706,0.0030973451327433598,0.8823529411764706,30,0.0,False,primary_disconnected|central_present_slice_fraction_at_most_10_percent
6234,missing,False,y,18.0,16.0,1.0,7.0,15.0,1.0,8.0,False,0.0,0.0,0,0,0,0.0,0.0,0.0,34,0.0,0.0,0.0,0.0,,1.0,0.0,0.0,0,0.0,False,primary_disconnected|central_present_slice_fraction_at_most_10_percent
6259,missing,False,y,18.0,16.0,1.0,7.0,17.0,0.0,7.0,False,0.00294985250737,0.0,1339,0,0,0.0,0.0,0.0,33,0.0,0.0,0.0,0.0,,1.0,0.0,0.0,0,0.0,False,primary_disconnected|central_present_slice_fraction_at_most_10_percent
6670,missing,False,y,18.0,14.0,5.0,7.0,15.0,6.0,7.0,False,0.0,0.0,0,0,0,0.0,0.0,0.0,34,0.0,0.0,0.0,0.0,,1.0,0.0,0.0,0,0.0,False,primary_disconnected|central_present_slice_fraction_at_most_10_percent
7225,missing,False,y,18.0,6.0,12.0,6.0,6.0,11.0,7.0,False,0.0,0.0,0,0,0,0.0,0.0,0.0,34,0.0,0.0,0.0,0.0,,1.0,0.0,0.0,0,0.0,False,primary_disconnected|central_present_slice_fraction_at_most_10_percent
7420,missing,False,y,18.0,4.0,12.0,6.0,4.0,13.0,7.0,False,0.0,0.0,0,0,0,0.0,0.0,0.0,34,0.0,0.0,0.0,0.0,,1.0,0.0,0.0,0,0.0,False,primary_disconnected|central_present_slice_fraction_at_most_10_percent
7706,missing,False,y,18.0,9.0,16.0,7.0,9.0,15.0,8.0,False,0.0,0.0,0,0,0,0.0,0.0,0.0,34,0.0,0.0,0.0,0.0,,1.0,0.0,0.0,0,0.0,False,primary_disconnected|central_present_slice_fraction_at_most_10_percent
7820,missing,True,y,18.0,2.0,18.0,6.0,1.0,18.0,7.0,False,0.0,0.0,0,0,0,0.0,0.0,0.0,33,0.0,0.0,0.0,0.0,,1.0,0.0,0.0,0,0.0,False,primary_disconnected|central_present_slice_fraction_at_most_10_percent
7821,missing,True,y,18.0,0.0,18.0,6.0,1.0,18.0,7.0,False,0.0,0.0,0,0,0,0.0,0.0,0.0,33,0.0,0.0,0.0,0.0,,1.0,0.0,0.0,0,0.0,False,primary_disconnected|central_present_slice_fraction_at_most_10_percent
7822,missing,True,y,18.0,0.0,18.0,8.0,1.0,18.0,7.0,False,0.0,0.0,0,0,0,0.0,0.0,0.0,33,0.0,0.0,0.0,0.0,,1.0,0.0,0.0,0,0.0,False,primary_disconnected|central_present_slice_fraction_at_most_10_percent
7823,missing,True,y,18.0,2.0,18.0,8.0,1.0,18.0,7.0,False,0.0,0.0,0,0,0,0.0,0.0,0.0,33,0.0,0.0,0.0,0.0,,1.0,0.0,0.0,0,0.0,False,primary_disconnected|central_present_slice_fraction_at_most_10_percent
7848,missing,True,y,18.0,4.0,18.0,6.0,3.0,18.0,7.0,False,0.0,0.0,0,0,0,0.0,0.0,0.0,32,0.0,0.0,0.0,0.0,,1.0,0.0,0.0,0,0.0,False,primary_disconnected|central_present_slice_fraction_at_most_10_percent
7849,missing,True,y,18.0,2.0,18.0,6.0,3.0,18.0,7.0,False,0.0,0.0,0,0,0,0.0,0.0,0.0,33,0.0,0.0,0.0,0.0,,1.0,0.0,0.0,0,0.0,False,primary_disconnected|central_present_slice_fraction_at_most_10_percent
7850,missing,True,y,18.0,2.0,18.0,8.0,3.0,18.0,7.0,False,0.0,0.0,0,0,0,0.0,0.0,0.0,33,0.0,0.0,0.0,0.0,,1.0,0.0,0.0,0,0.0,False,primary_disconnected|central_present_slice_fraction_at_most_10_percent
7851,missing,True,y,18.0,4.0,18.0,8.0,3.0,18.0,7.0,False,0.0,0.0,0,0,0,0.0,0.0,0.0,33,0.0,0.0,0.0,0.0,,1.0,0.0,0.0,0,0.0,False,primary_disconnected|central_present_slice_fraction_at_most_10_percent
7876,missing,True,y,18.0,6.0,18.0,6.0,5.0,18.0,7.0,False,0.0,0.0,0,0,0,0.0,0.0,0.0,33,0.0,0.0,0.0,0.0,,1.0,0.0,0.0,0,0.0,False,primary_disconnected|central_present_slice_fraction_at_most_10_percent
7877,missing,True,y,18.0,4.0,18.0,6.0,5.0,18.0,7.0,False,0.0,0.0,0,0,0,0.0,0.0,0.0,33,0.0,0.0,0.0,0.0,,1.0,0.0,0.0,0,0.0,False,primary_disconnected|central_present_slice_fraction_at_most_10_percent
7878,missing,True,y,18.0,4.0,18.0,8.0,5.0,18.0,7.0,False,0.0,0.0,0,0,0,0.0,0.0,0.0,33,0.0,0.0,0.0,0.0,,1.0,0.0,0.0,0,0.0,False,primary_disconnected|central_present_slice_fraction_at_most_10_percent
7879,missing,True,y,18.0,6.0,18.0,8.0,5.0,18.0,7.0,False,0.0,0.0,0,0,0,0.0,0.0,0.0,33,0.0,0.0,0.0,0.0,,1.0,0.0,0.0,0,0.0,False,primary_disconnected|central_present_slice_fraction_at_most_10_percent
7904,missing,True,y,18.0,8.0,18.0,6.0,7.0,18.0,7.0,False,0.0,0.0,0,0,0,0.0,0.0,0.0,32,0.0,0.0,0.0,0.0,,1.0,0.0,0.0,0,0.0,False,primary_disconnected|central_present_slice_fraction_at_most_10_percent
7905,missing,True,y,18.0,6.0,18.0,6.0,7.0,18.0,7.0,False,0.0,0.0,0,0,0,0.0,0.0,0.0,33,0.0,0.0,0.0,0.0,,1.0,0.0,0.0,0,0.0,False,primary_disconnected|central_present_slice_fraction_at_most_10_percent
7906,missing,True,y,18.0,6.0,18.0,8.0,7.0,18.0,7.0,False,0.0,0.0,0,0,0,0.0,0.0,0.0,33,0.0,0.0,0.0,0.0,,1.0,0.0,0.0,0,0.0,False,primary_disconnected|central_present_slice_fraction_at_most_10_percent
7907,missing,True,y,18.0,8.0,18.0,8.0,7.0,18.0,7.0,False,0.0,0.0,0,0,0,0.0,0.0,0.0,33,0.0,0.0,0.0,0.0,,1.0,0.0,0.0,0,0.0,False,primary_disconnected|central_present_slice_fraction_at_most_10_percent
7932,missing,True,y,18.0,10.0,18.0,6.0,9.0,18.0,7.0,False,0.0,0.0,0,0,0,0.0,0.0,0.0,33,0.0,0.0,0.0,0.0,,1.0,0.0,0.0,0,0.0,False,primary_disconnected|central_present_slice_fraction_at_most_10_percent
7933,missing,True,y,18.0,8.0,18.0,6.0,9.0,18.0,7.0,False,0.0,0.0,0,0,0,0.0,0.0,0.0,33,0.0,0.0,0.0,0.0,,1.0,0.0,0.0,0,0.0,False,primary_disconnected|central_present_slice_fraction_at_most_10_percent
7934,missing,True,y,18.0,8.0,18.0,8.0,9.0,18.0,7.0,False,0.0,0.0,0,0,0,0.0,0.0,0.0,33,0.0,0.0,0.0,0.0,,1.0,0.0,0.0,0,0.0,False,primary_disconnected|central_present_slice_fraction_at_most_10_percent
7935,missing,True,y,18.0,10.0,18.0,8.0,9.0,18.0,7.0,False,0.0,0.0,0,0,0,0.0,0.0,0.0,33,0.0,0.0,0.0,0.0,,1.0,0.0,0.0,0,0.0,False,primary_disconnected|central_present_slice_fraction_at_most_10_percent
7960,missing,True,y,18.0,12.0,18.0,6.0,11.0,18.0,7.0,False,0.0,0.0,0,0,0,0.0,0.0,0.0,33,0.0,0.0,0.0,0.0,,1.0,0.0,0.0,0,0.0,False,primary_disconnected|central_present_slice_fraction_at_most_10_percent
7961,missing,True,y,18.0,10.0,18.0,6.0,11.0,18.0,7.0,False,0.0,0.0,0,0,0,0.0,0.0,0.0,33,0.0,0.0,0.0,0.0,,1.0,0.0,0.0,0,0.0,False,primary_disconnected|central_present_slice_fraction_at_most_10_percent
7962,missing,True,y,18.0,10.0,18.0,8.0,11.0,18.0,7.0,False,0.0,0.0,0,0,0,0.0,0.0,0.0,33,0.0,0.0,0.0,0.0,,1.0,0.0,0.0,0,0.0,False,primary_disconnected|central_present_slice_fraction_at_most_10_percent
7963,missing,True,y,18.0,12.0,18.0,8.0,11.0,18.0,7.0,False,0.0,0.0,0,0,0,0.0,0.0,0.0,33,0.0,0.0,0.0,0.0,,1.0,0.0,0.0,0,0.0,False,primary_disconnected|central_present_slice_fraction_at_most_10_percent
7988,missing,True,y,18.0,14.0,18.0,6.0,13.0,18.0,7.0,False,0.0,0.0,0,0,0,0.0,0.0,0.0,33,0.0,0.0,0.0,0.0,,1.0,0.0,0.0,0,0.0,False,primary_disconnected|central_present_slice_fraction_at_most_10_percent
7989,missing,True,y,18.0,12.0,18.0,6.0,13.0,18.0,7.0,False,0.0,0.0,0,0,0,0.0,0.0,0.0,33,0.0,0.0,0.0,0.0,,1.0,0.0,0.0,0,0.0,False,primary_disconnected|central_present_slice_fraction_at_most_10_percent
7990,missing,True,y,18.0,12.0,18.0,8.0,13.0,18.0,7.0,False,0.0,0.0,0,0,0,0.0,0.0,0.0,32,0.0,0.0,0.0,0.0,,1.0,0.0,0.0,0,0.0,False,primary_disconnected|central_present_slice_fraction_at_most_10_percent
7991,missing,True,y,18.0,14.0,18.0,8.0,13.0,18.0,7.0,False,0.0,0.0,0,0,0,0.0,0.0,0.0,33,0.0,0.0,0.0,0.0,,1.0,0.0,0.0,0,0.0,False,primary_disconnected|central_present_slice_fraction_at_most_10_percent
8016,missing,True,y,18.0,16.0,18.0,6.0,15.0,18.0,7.0,False,0.16814159292,0.0,0,0,0,0.05405405405405406,0.16666666666666666,0.0,35,0.008371203061468548,0.0,0.0,0.0,,1.0,0.0,0.0,0,0.0,False,primary_disconnected|central_present_slice_fraction_at_most_10_percent
8017,missing,True,y,18.0,14.0,18.0,6.0,15.0,18.0,7.0,False,0.0,0.0,0,0,0,0.0,0.0,0.0,33,0.0,0.0,0.0,0.0,,1.0,0.0,0.0,0,0.0,False,primary_disconnected|central_present_slice_fraction_at_most_10_percent
8018,missing,True,y,18.0,14.0,18.0,8.0,15.0,18.0,7.0,False,0.0,0.0,0,0,0,0.0,0.0,0.0,33,0.0,0.0,0.0,0.0,,1.0,0.0,0.0,0,0.0,False,primary_disconnected|central_present_slice_fraction_at_most_10_percent
8019,missing,True,y,18.0,16.0,18.0,8.0,15.0,18.0,7.0,False,0.0,0.0,0,0,0,0.0,0.0,0.0,33,0.0,0.0,0.0,0.0,,1.0,0.0,0.0,0,0.0,False,primary_disconnected|central_present_slice_fraction_at_most_10_percent
8048,missing,True,y,18.0,18.0,18.0,6.0,17.0,18.0,7.0,False,0.0,0.0,0,0,0,0.0,0.0,0.0,28,0.0,0.0,0.0,0.0,,1.0,0.0,0.0,0,0.0,False,primary_disconnected|central_present_slice_fraction_at_most_10_percent
8051,missing,True,y,18.0,18.0,18.0,8.0,17.0,18.0,7.0,False,0.0,0.0,0,0,0,0.0,0.0,0.0,29,0.0,0.0,0.0,0.0,,1.0,0.0,0.0,0,0.0,False,primary_disconnected|central_present_slice_fraction_at_most_10_percent
8114,missing,False,y,18.0,6.0,2.0,8.0,5.0,1.0,8.0,False,0.0,0.0,0,0,0,0.0,0.0,0.0,34,0.0,0.0,0.0,0.0,,1.0,0.0,0.0,0,0.0,False,primary_disconnected|central_present_slice_fraction_at_most_10_percent
8136,missing,False,y,18.0,6.0,0.0,8.0,7.0,1.0,8.0,False,0.0,0.0,0,0,0,0.0,0.0,0.0,33,0.0,0.0,0.0,0.0,,1.0,0.0,0.0,0,0.0,False,primary_disconnected|central_present_slice_fraction_at_most_10_percent
8164,missing,False,y,18.0,8.0,0.0,8.0,8.0,1.0,9.0,False,0.0,0.0,0,0,0,0.0,0.0,0.0,34,0.0,0.0,0.0,0.0,,1.0,0.0,0.0,0,0.0,False,primary_disconnected|central_present_slice_fraction_at_most_10_percent
8442,missing,False,y,18.0,12.0,3.0,9.0,13.0,4.0,9.0,False,0.0,0.0,0,0,0,0.0,0.0,0.0,34,0.0,0.0,0.0,0.0,,1.0,0.0,0.0,0,0.0,False,primary_disconnected|central_present_slice_fraction_at_most_10_percent
8764,missing,False,y,18.0,4.0,7.0,9.0,3.0,7.0,8.0,False,0.0,0.0,0,0,0,0.0,0.0,0.0,34,0.0,0.0,0.0,0.0,,1.0,0.0,0.0,0,0.0,False,primary_disconnected|central_present_slice_fraction_at_most_10_percent
8823,missing,False,y,18.0,8.0,8.0,8.0,9.0,7.0,8.0,False,0.0,0.0,0,0,0,0.0,0.0,0.0,34,0.0,0.0,0.0,0.0,,1.0,0.0,0.0,0,0.0,False,primary_disconnected|central_present_slice_fraction_at_most_10_percent
9273,missing,False,y,18.0,8.0,11.0,9.0,9.0,11.0,8.0,False,0.0,0.0,0,0,0,0.0,0.0,0.0,34,0.0,0.0,0.0,0.0,,1.0,0.0,0.0,0,0.0,False,primary_disconnected|central_present_slice_fraction_at_most_10_percent
9303,missing,False,y,18.0,11.0,10.0,9.0,11.0,11.0,8.0,False,0.0,0.0,0,0,0,0.0,0.0,0.0,34,0.0,0.0,0.0,0.0,,1.0,0.0,0.0,0,0.0,False,primary_disconnected|central_present_slice_fraction_at_most_10_percent
9329,missing,False,y,18.0,13.0,10.0,9.0,13.0,11.0,10.0,False,0.0,0.0,0,0,0,0.0,0.0,0.0,34,0.0,0.0,0.0,0.0,,1.0,0.0,0.0,0,0.0,False,primary_disconnected|central_present_slice_fraction_at_most_10_percent
9597,missing,False,y,18.0,18.0,13.0,9.0,17.0,14.0,9.0,False,0.0,0.0,0,0,0,0.0,0.0,0.0,33,0.0,0.0,0.0,0.0,,1.0,0.0,0.0,0,0.0,False,primary_disconnected|central_present_slice_fraction_at_most_10_percent
9778,missing,False,y,18.0,14.0,16.0,10.0,14.0,15.0,9.0,False,0.0,0.0,0,0,0,0.0,0.0,0.0,33,0.0,0.0,0.0,0.0,,1.0,0.0,0.0,0,0.0,False,primary_disconnected|central_present_slice_fraction_at_most_10_percent
9836,missing,True,y,18.0,2.0,18.0,8.0,1.0,18.0,9.0,False,0.0,0.0,0,0,0,0.0,0.0,0.0,32,0.0,0.0,0.0,0.0,,1.0,0.0,0.0,0,0.0,False,primary_disconnected|central_present_slice_fraction_at_most_10_percent
9837,missing,True,y,18.0,0.0,18.0,8.0,1.0,18.0,9.0,False,0.0,0.0,0,0,0,0.0,0.0,0.0,33,0.0,0.0,0.0,0.0,,1.0,0.0,0.0,0,0.0,False,primary_disconnected|central_present_slice_fraction_at_most_10_percent
9838,missing,True,y,18.0,0.0,18.0,10.0,1.0,18.0,9.0,False,0.0,0.0,0,0,0,0.0,0.0,0.0,33,0.0,0.0,0.0,0.0,,1.0,0.0,0.0,0,0.0,False,primary_disconnected|central_present_slice_fraction_at_most_10_percent
9839,missing,True,y,18.0,2.0,18.0,10.0,1.0,18.0,9.0,False,0.0,0.0,0,0,0,0.0,0.0,0.0,33,0.0,0.0,0.0,0.0,,1.0,0.0,0.0,0,0.0,False,primary_disconnected|central_present_slice_fraction_at_most_10_percent
9864,missing,True,y,18.0,4.0,18.0,8.0,3.0,18.0,9.0,False,0.0,0.0,0,0,0,0.0,0.0,0.0,33,0.0,0.0,0.0,0.0,,1.0,0.0,0.0,0,0.0,False,primary_disconnected|central_present_slice_fraction_at_most_10_percent
9865,missing,True,y,18.0,2.0,18.0,8.0,3.0,18.0,9.0,False,0.0,0.0,0,0,0,0.0,0.0,0.0,33,0.0,0.0,0.0,0.0,,1.0,0.0,0.0,0,0.0,False,primary_disconnected|central_present_slice_fraction_at_most_10_percent
9866,missing,True,y,18.0,2.0,18.0,10.0,3.0,18.0,9.0,False,0.0,0.0,0,0,0,0.0,0.0,0.0,33,0.0,0.0,0.0,0.0,,1.0,0.0,0.0,0,0.0,False,primary_disconnected|central_present_slice_fraction_at_most_10_percent
9867,missing,True,y,18.0,4.0,18.0,10.0,3.0,18.0,9.0,False,0.0,0.0,0,0,0,0.0,0.0,0.0,32,0.0,0.0,0.0,0.0,,1.0,0.0,0.0,0,0.0,False,primary_disconnected|central_present_slice_fraction_at_most_10_percent
9892,missing,True,y,18.0,6.0,18.0,8.0,5.0,18.0,9.0,False,0.0,0.0,0,0,0,0.0,0.0,0.0,33,0.0,0.0,0.0,0.0,,1.0,0.0,0.0,0,0.0,False,primary_disconnected|central_present_slice_fraction_at_most_10_percent
9893,missing,True,y,18.0,4.0,18.0,8.0,5.0,18.0,9.0,False,0.0,0.0,0,0,0,0.0,0.0,0.0,33,0.0,0.0,0.0,0.0,,1.0,0.0,0.0,0,0.0,False,primary_disconnected|central_present_slice_fraction_at_most_10_percent
9894,missing,True,y,18.0,4.0,18.0,10.0,5.0,18.0,9.0,False,0.0,0.0,0,0,0,0.0,0.0,0.0,32,0.0,0.0,0.0,0.0,,1.0,0.0,0.0,0,0.0,False,primary_disconnected|central_present_slice_fraction_at_most_10_percent
9895,missing,True,y,18.0,6.0,18.0,10.0,5.0,18.0,9.0,False,0.0,0.0,0,0,0,0.0,0.0,0.0,33,0.0,0.0,0.0,0.0,,1.0,0.0,0.0,0,0.0,False,primary_disconnected|central_present_slice_fraction_at_most_10_percent
9920,missing,True,y,18.0,8.0,18.0,8.0,7.0,18.0,9.0,False,0.0,0.0,0,0,0,0.0,0.0,0.0,33,0.0,0.0,0.0,0.0,,1.0,0.0,0.0,0,0.0,False,primary_disconnected|central_present_slice_fraction_at_most_10_percent
9921,missing,True,y,18.0,6.0,18.0,8.0,7.0,18.0,9.0,False,0.0,0.0,0,0,0,0.0,0.0,0.0,33,0.0,0.0,0.0,0.0,,1.0,0.0,0.0,0,0.0,False,primary_disconnected|central_present_slice_fraction_at_most_10_percent
9922,missing,True,y,18.0,6.0,18.0,10.0,7.0,18.0,9.0,False,0.0,0.0,0,0,0,0.0,0.0,0.0,33,0.0,0.0,0.0,0.0,,1.0,0.0,0.0,0,0.0,False,primary_disconnected|central_present_slice_fraction_at_most_10_percent
9923,missing,True,y,18.0,8.0,18.0,10.0,7.0,18.0,9.0,False,0.0,0.0,0,0,0,0.0,0.0,0.0,33,0.0,0.0,0.0,0.0,,1.0,0.0,0.0,0,0.0,False,primary_disconnected|central_present_slice_fraction_at_most_10_percent
9948,missing,True,y,18.0,10.0,18.0,8.0,9.0,18.0,9.0,False,0.0,0.0,0,0,0,0.0,0.0,0.0,34,0.0,0.0,0.0,0.0,,1.0,0.0,0.0,0,0.0,False,primary_disconnected|central_present_slice_fraction_at_most_10_percent
9949,missing,True,y,18.0,8.0,18.0,8.0,9.0,18.0,9.0,False,0.0,0.0,0,0,0,0.0,0.0,0.0,33,0.0,0.0,0.0,0.0,,1.0,0.0,0.0,0,0.0,False,primary_disconnected|central_present_slice_fraction_at_most_10_percent
9950,missing,True,y,18.0,8.0,18.0,10.0,9.0,18.0,9.0,False,0.0,0.0,0,0,0,0.0,0.0,0.0,33,0.0,0.0,0.0,0.0,,1.0,0.0,0.0,0,0.0,False,primary_disconnected|central_present_slice_fraction_at_most_10_percent
9951,missing,True,y,18.0,10.0,18.0,10.0,9.0,18.0,9.0,False,0.0,0.0,0,0,0,0.0,0.0,0.0,33,0.0,0.0,0.0,0.0,,1.0,0.0,0.0,0,0.0,False,primary_disconnected|central_present_slice_fraction_at_most_10_percent
9976,missing,True,y,18.0,12.0,18.0,8.0,11.0,18.0,9.0,False,0.0,0.0,0,0,0,0.0,0.0,0.0,33,0.0,0.0,0.0,0.0,,1.0,0.0,0.0,0,0.0,False,primary_disconnected|central_present_slice_fraction_at_most_10_percent
9977,missing,True,y,18.0,10.0,18.0,8.0,11.0,18.0,9.0,False,0.0,0.0,0,0,0,0.0,0.0,0.0,33,0.0,0.0,0.0,0.0,,1.0,0.0,0.0,0,0.0,False,primary_disconnected|central_present_slice_fraction_at_most_10_percent
9978,missing,True,y,18.0,10.0,18.0,10.0,11.0,18.0,9.0,False,0.0,0.0,0,0,0,0.0,0.0,0.0,33,0.0,0.0,0.0,0.0,,1.0,0.0,0.0,0,0.0,False,primary_disconnected|central_present_slice_fraction_at_most_10_percent
9979,missing,True,y,18.0,12.0,18.0,10.0,11.0,18.0,9.0,False,0.070796460177,0.0,0,0,0,0.0,0.0,0.0,36,0.0009832841691248771,0.0,0.0,0.0,,1.0,0.0,0.0,0,0.0,False,primary_disconnected|central_present_slice_fraction_at_most_10_percent
10003,missing,False,y,18.0,14.0,16.0,10.0,13.0,16.0,9.0,False,0.0,0.0,0,0,0,0.0,0.0,0.0,34,0.0,0.0,0.0,0.0,,1.0,0.0,0.0,0,0.0,False,primary_disconnected|central_present_slice_fraction_at_most_10_percent
10004,missing,True,y,18.0,14.0,18.0,8.0,13.0,18.0,9.0,False,0.0,0.0,0,0,0,0.0,0.0,0.0,33,0.0,0.0,0.0,0.0,,1.0,0.0,0.0,0,0.0,False,primary_disconnected|central_present_slice_fraction_at_most_10_percent
10005,missing,True,y,18.0,12.0,18.0,8.0,13.0,18.0,9.0,False,0.0,0.0,0,0,0,0.0,0.0,0.0,33,0.0,0.0,0.0,0.0,,1.0,0.0,0.0,0,0.0,False,primary_disconnected|central_present_slice_fraction_at_most_10_percent
10006,missing,True,y,18.0,12.0,18.0,10.0,13.0,18.0,9.0,False,0.0,0.0,0,0,0,0.0,0.0,0.0,32,0.0,0.0,0.0,0.0,,1.0,0.0,0.0,0,0.0,False,primary_disconnected|central_present_slice_fraction_at_most_10_percent
10007,missing,True,y,18.0,14.0,18.0,10.0,13.0,18.0,9.0,False,0.0,0.0,0,0,0,0.0,0.0,0.0,33,0.0,0.0,0.0,0.0,,1.0,0.0,0.0,0,0.0,False,primary_disconnected|central_present_slice_fraction_at_most_10_percent
10027,missing,False,y,18.0,14.0,16.0,10.0,14.0,17.0,9.0,False,0.0,0.0,0,0,0,0.0,0.0,0.0,35,0.0,0.0,0.0,0.0,,1.0,0.0,0.0,0,0.0,False,primary_disconnected|central_present_slice_fraction_at_most_10_percent
10030,missing,False,y,18.0,14.0,16.0,10.0,15.0,16.0,9.0,False,0.0,0.0,0,0,0,0.0,0.0,0.0,33,0.0,0.0,0.0,0.0,,1.0,0.0,0.0,0,0.0,False,primary_disconnected|central_present_slice_fraction_at_most_10_percent
10032,missing,True,y,18.0,16.0,18.0,8.0,15.0,18.0,9.0,False,0.0,0.0,0,0,0,0.0,0.0,0.0,33,0.0,0.0,0.0,0.0,,1.0,0.0,0.0,0,0.0,False,primary_disconnected|central_present_slice_fraction_at_most_10_percent
10033,missing,True,y,18.0,14.0,18.0,8.0,15.0,18.0,9.0,False,0.0,0.0,0,0,0,0.0,0.0,0.0,33,0.0,0.0,0.0,0.0,,1.0,0.0,0.0,0,0.0,False,primary_disconnected|central_present_slice_fraction_at_most_10_percent
10034,missing,True,y,18.0,14.0,18.0,10.0,15.0,18.0,9.0,False,0.0,0.0,0,0,0,0.0,0.0,0.0,33,0.0,0.0,0.0,0.0,,1.0,0.0,0.0,0,0.0,False,primary_disconnected|central_present_slice_fraction_at_most_10_percent
10035,missing,True,y,18.0,16.0,18.0,10.0,15.0,18.0,9.0,False,0.0,0.0,0,0,0,0.0,0.0,0.0,33,0.0,0.0,0.0,0.0,,1.0,0.0,0.0,0,0.0,False,primary_disconnected|central_present_slice_fraction_at_most_10_percent
10064,missing,True,y,18.0,18.0,18.0,8.0,17.0,18.0,9.0,False,0.0,0.0,0,0,0,0.0,0.0,0.0,33,0.0,0.0,0.0,0.0,,1.0,0.0,0.0,0,0.0,False,primary_disconnected|central_present_slice_fraction_at_most_10_percent
10065,missing,True,y,18.0,16.0,18.0,8.0,17.0,18.0,9.0,False,0.0,0.0,0,0,0,0.0,0.0,0.0,32,0.0,0.0,0.0,0.0,,1.0,0.0,0.0,0,0.0,False,primary_disconnected|central_present_slice_fraction_at_most_10_percent
10066,missing,True,y,18.0,16.0,18.0,10.0,17.0,18.0,9.0,False,0.0,0.00442477876106,0,0,0,0.0,0.0,0.0,32,0.0,0.0,0.0,0.0,,1.0,0.0,0.0,0,0.0,False,primary_disconnected|central_present_slice_fraction_at_most_10_percent
10067,missing,True,y,18.0,18.0,18.0,10.0,17.0,18.0,9.0,False,0.0,0.0,0,0,0,0.0,0.0,0.0,33,0.0,0.0,0.0,0.0,,1.0,0.0,0.0,0,0.0,False,primary_disconnected|central_present_slice_fraction_at_most_10_percent
10298,missing,False,y,18.0,17.0,2.0,11.0,17.0,1.0,12.0,False,0.0,0.0,0,0,0,0.0,0.0,0.0,35,0.0,0.0,0.0,0.0,,1.0,0.0,0.0,0,0.0,False,primary_disconnected|central_present_slice_fraction_at_most_10_percent
10948,missing,False,y,18.0,16.0,7.0,11.0,17.0,7.0,12.0,False,0.0,0.0,0,0,0,0.0,0.0,0.0,35,0.0,0.0,0.0,0.0,,1.0,0.0,0.0,0,0.0,False,primary_disconnected|central_present_slice_fraction_at_most_10_percent
11650,missing,False,y,18.0,2.0,16.0,12.0,2.0,15.0,11.0,False,0.0,0.0,0,0,0,0.0,0.0,0.0,33,0.0,0.0,0.0,0.0,,1.0,0.0,0.0,0,0.0,False,primary_disconnected|central_present_slice_fraction_at_most_10_percent
11766,missing,False,y,18.0,14.0,16.0,10.0,13.0,15.0,10.0,False,0.0,0.0,0,0,0,0.0,0.0,0.0,33,0.0,0.0,0.0,0.0,,1.0,0.0,0.0,0,0.0,False,primary_disconnected|central_present_slice_fraction_at_most_10_percent
11791,missing,False,y,18.0,14.0,16.0,10.0,15.0,15.0,10.0,False,0.0,0.0,0,0,0,0.0,0.0,0.0,33,0.0,0.0,0.0,0.0,,1.0,0.0,0.0,0,0.0,False,primary_disconnected|central_present_slice_fraction_at_most_10_percent
11793,missing,False,y,18.0,14.0,16.0,10.0,14.0,15.0,11.0,False,0.0,0.0,0,0,0,0.0,0.0,0.0,33,0.0,0.0,0.0,0.0,,1.0,0.0,0.0,0,0.0,False,primary_disconnected|central_present_slice_fraction_at_most_10_percent
11851,missing,False,y,18.0,2.0,16.0,12.0,1.0,16.0,11.0,False,0.0,0.0,0,0,0,0.0,0.0,0.0,33,0.0,0.0,0.0,0.0,,1.0,0.0,0.0,0,0.0,False,primary_disconnected|central_present_slice_fraction_at_most_10_percent
11852,missing,True,y,18.0,2.0,18.0,10.0,1.0,18.0,11.0,False,0.0,0.0,0,0,0,0.0,0.0,0.0,33,0.0,0.0,0.0,0.0,,1.0,0.0,0.0,0,0.0,False,primary_disconnected|central_present_slice_fraction_at_most_10_percent
11853,missing,True,y,18.0,0.0,18.0,10.0,1.0,18.0,11.0,False,0.0,0.0,0,0,0,0.0,0.0,0.0,33,0.0,0.0,0.0,0.0,,1.0,0.0,0.0,0,0.0,False,primary_disconnected|central_present_slice_fraction_at_most_10_percent
11854,missing,True,y,18.0,0.0,18.0,12.0,1.0,18.0,11.0,False,0.0,0.0,0,0,0,0.0,0.0,0.0,33,0.0,0.0,0.0,0.0,,1.0,0.0,0.0,0,0.0,False,primary_disconnected|central_present_slice_fraction_at_most_10_percent
11855,missing,True,y,18.0,2.0,18.0,12.0,1.0,18.0,11.0,False,0.0,0.0,0,0,0,0.0,0.0,0.0,33,0.0,0.0,0.0,0.0,,1.0,0.0,0.0,0,0.0,False,primary_disconnected|central_present_slice_fraction_at_most_10_percent
11875,missing,False,y,18.0,2.0,16.0,12.0,2.0,17.0,11.0,False,0.0,0.0,0,0,0,0.0,0.0,0.0,34,0.0,0.0,0.0,0.0,,1.0,0.0,0.0,0,0.0,False,primary_disconnected|central_present_slice_fraction_at_most_10_percent
11878,missing,False,y,18.0,2.0,16.0,12.0,3.0,16.0,11.0,False,0.0,0.0,0,0,0,0.0,0.0,0.0,34,0.0,0.0,0.0,0.0,,1.0,0.0,0.0,0,0.0,False,primary_disconnected|central_present_slice_fraction_at_most_10_percent
11880,missing,True,y,18.0,4.0,18.0,10.0,3.0,18.0,11.0,False,0.0,0.0,0,0,0,0.0,0.0,0.0,33,0.0,0.0,0.0,0.0,,1.0,0.0,0.0,0,0.0,False,primary_disconnected|central_present_slice_fraction_at_most_10_percent
11881,missing,True,y,18.0,2.0,18.0,10.0,3.0,18.0,11.0,False,0.0,0.0,0,0,0,0.0,0.0,0.0,33,0.0,0.0,0.0,0.0,,1.0,0.0,0.0,0,0.0,False,primary_disconnected|central_present_slice_fraction_at_most_10_percent
11882,missing,True,y,18.0,2.0,18.0,12.0,3.0,18.0,11.0,False,0.0,0.0,0,0,0,0.0,0.0,0.0,33,0.0,0.0,0.0,0.0,,1.0,0.0,0.0,0,0.0,False,primary_disconnected|central_present_slice_fraction_at_most_10_percent
11883,missing,True,y,18.0,4.0,18.0,12.0,3.0,18.0,11.0,False,0.0,0.0,0,0,0,0.0,0.0,0.0,33,0.0,0.0,0.0,0.0,,1.0,0.0,0.0,0,0.0,False,primary_disconnected|central_present_slice_fraction_at_most_10_percent
11908,missing,True,y,18.0,6.0,18.0,10.0,5.0,18.0,11.0,False,0.0,0.0,0,0,0,0.0,0.0,0.0,33,0.0,0.0,0.0,0.0,,1.0,0.0,0.0,0,0.0,False,primary_disconnected|central_present_slice_fraction_at_most_10_percent
11909,missing,True,y,18.0,4.0,18.0,10.0,5.0,18.0,11.0,False,0.0,0.0,0,0,0,0.0,0.0,0.0,33,0.0,0.0,0.0,0.0,,1.0,0.0,0.0,0,0.0,False,primary_disconnected|central_present_slice_fraction_at_most_10_percent
11910,missing,True,y,18.0,4.0,18.0,12.0,5.0,18.0,11.0,False,0.0,0.0,0,0,0,0.0,0.0,0.0,32,0.0,0.0,0.0,0.0,,1.0,0.0,0.0,0,0.0,False,primary_disconnected|central_present_slice_fraction_at_most_10_percent
11911,missing,True,y,18.0,6.0,18.0,12.0,5.0,18.0,11.0,False,0.0,0.0,0,0,0,0.0,0.0,0.0,33,0.0,0.0,0.0,0.0,,1.0,0.0,0.0,0,0.0,False,primary_disconnected|central_present_slice_fraction_at_most_10_percent
11936,missing,True,y,18.0,8.0,18.0,10.0,7.0,18.0,11.0,False,0.0,0.0,0,0,0,0.0,0.0,0.0,32,0.0,0.0,0.0,0.0,,1.0,0.0,0.0,0,0.0,False,primary_disconnected|central_present_slice_fraction_at_most_10_percent
11937,missing,True,y,18.0,6.0,18.0,10.0,7.0,18.0,11.0,False,0.0,0.0,0,0,0,0.0,0.0,0.0,33,0.0,0.0,0.0,0.0,,1.0,0.0,0.0,0,0.0,False,primary_disconnected|central_present_slice_fraction_at_most_10_percent
11938,missing,True,y,18.0,6.0,18.0,12.0,7.0,18.0,11.0,False,0.0,0.0,0,0,0,0.0,0.0,0.0,33,0.0,0.0,0.0,0.0,,1.0,0.0,0.0,0,0.0,False,primary_disconnected|central_present_slice_fraction_at_most_10_percent
11939,missing,True,y,18.0,8.0,18.0,12.0,7.0,18.0,11.0,False,0.0,0.0,0,0,0,0.0,0.0,0.0,33,0.0,0.0,0.0,0.0,,1.0,0.0,0.0,0,0.0,False,primary_disconnected|central_present_slice_fraction_at_most_10_percent
11963,missing,False,y,18.0,10.0,16.0,12.0,9.0,16.0,11.0,False,0.0,0.0,0,0,0,0.0,0.0,0.0,35,0.0,0.0,0.0,0.0,,1.0,0.0,0.0,0,0.0,False,primary_disconnected|central_present_slice_fraction_at_most_10_percent
11964,missing,True,y,18.0,10.0,18.0,10.0,9.0,18.0,11.0,False,0.0176991150442,0.0,0,0,0,0.0,0.0,0.0,35,0.0,0.0,0.0,0.0,,1.0,0.0,0.0,0,0.0,False,primary_disconnected|central_present_slice_fraction_at_most_10_percent
11965,missing,True,y,18.0,8.0,18.0,10.0,9.0,18.0,11.0,False,0.0,0.0,0,0,0,0.0,0.0,0.0,33,0.0,0.0,0.0,0.0,,1.0,0.0,0.0,0,0.0,False,primary_disconnected|central_present_slice_fraction_at_most_10_percent
11966,missing,True,y,18.0,8.0,18.0,12.0,9.0,18.0,11.0,False,0.0,0.0,0,0,0,0.0,0.0,0.0,33,0.0,0.0,0.0,0.0,,1.0,0.0,0.0,0,0.0,False,primary_disconnected|central_present_slice_fraction_at_most_10_percent
11967,missing,True,y,18.0,10.0,18.0,12.0,9.0,18.0,11.0,False,0.0265486725664,0.0,0,0,0,0.0,0.0,0.0,35,0.0,0.0,0.0,0.0,,1.0,0.0,0.0,0,0.0,False,primary_disconnected|central_present_slice_fraction_at_most_10_percent
11984,missing,False,y,18.0,10.0,16.0,10.0,10.0,17.0,11.0,False,0.0,0.0,0,0,0,0.0,0.0,0.0,35,0.0,0.0,0.0,0.0,,1.0,0.0,0.0,0,0.0,False,primary_disconnected|central_present_slice_fraction_at_most_10_percent
11992,missing,True,y,18.0,12.0,18.0,10.0,11.0,18.0,11.0,False,0.0,0.0,0,0,0,0.0,0.0,0.0,33,0.0,0.0,0.0,0.0,,1.0,0.0,0.0,0,0.0,False,primary_disconnected|central_present_slice_fraction_at_most_10_percent
11993,missing,True,y,18.0,10.0,18.0,10.0,11.0,18.0,11.0,False,0.0,0.0,0,0,0,0.0,0.0,0.0,33,0.0,0.0,0.0,0.0,,1.0,0.0,0.0,0,0.0,False,primary_disconnected|central_present_slice_fraction_at_most_10_percent
11994,missing,True,y,18.0,10.0,18.0,12.0,11.0,18.0,11.0,False,0.0,0.0,0,0,0,0.0,0.0,0.0,33,0.0,0.0,0.0,0.0,,1.0,0.0,0.0,0,0.0,False,primary_disconnected|central_present_slice_fraction_at_most_10_percent
11995,missing,True,y,18.0,12.0,18.0,12.0,11.0,18.0,11.0,False,0.0,0.0,0,0,0,0.0,0.0,0.0,33,0.0,0.0,0.0,0.0,,1.0,0.0,0.0,0,0.0,False,primary_disconnected|central_present_slice_fraction_at_most_10_percent
12009,missing,False,y,18.0,14.0,16.0,10.0,13.0,17.0,10.0,False,0.0,0.0,0,0,0,0.0,0.0,0.0,34,0.0,0.0,0.0,0.0,,1.0,0.0,0.0,0,0.0,False,primary_disconnected|central_present_slice_fraction_at_most_10_percent
12017,missing,False,y,18.0,14.0,16.0,10.0,13.0,16.0,11.0,False,0.0,0.0,0,0,0,0.0,0.0,0.0,34,0.0,0.0,0.0,0.0,,1.0,0.0,0.0,0,0.0,False,primary_disconnected|central_present_slice_fraction_at_most_10_percent
12020,missing,True,y,18.0,14.0,18.0,10.0,13.0,18.0,11.0,False,0.0,0.0,0,0,0,0.0,0.0,0.0,33,0.0,0.0,0.0,0.0,,1.0,0.0,0.0,0,0.0,False,primary_disconnected|central_present_slice_fraction_at_most_10_percent
12021,missing,True,y,18.0,12.0,18.0,10.0,13.0,18.0,11.0,False,0.0,0.0,0,0,0,0.0,0.0,0.0,32,0.0,0.0,0.0,0.0,,1.0,0.0,0.0,0,0.0,False,primary_disconnected|central_present_slice_fraction_at_most_10_percent
12022,missing,True,y,18.0,12.0,18.0,12.0,13.0,18.0,11.0,False,0.0,0.0,0,0,0,0.0,0.0,0.0,32,0.0,0.0,0.0,0.0,,1.0,0.0,0.0,0,0.0,False,primary_disconnected|central_present_slice_fraction_at_most_10_percent
12023,missing,True,y,18.0,14.0,18.0,12.0,13.0,18.0,11.0,False,0.0,0.0,0,0,0,0.0,0.0,0.0,33,0.0,0.0,0.0,0.0,,1.0,0.0,0.0,0,0.0,False,primary_disconnected|central_present_slice_fraction_at_most_10_percent
12036,missing,False,y,18.0,14.0,16.0,10.0,15.0,17.0,10.0,False,0.0,0.0,0,0,0,0.0,0.0,0.0,34,0.0,0.0,0.0,0.0,,1.0,0.0,0.0,0,0.0,False,primary_disconnected|central_present_slice_fraction_at_most_10_percent
12040,missing,False,y,18.0,14.0,16.0,10.0,14.0,17.0,11.0,False,0.0,0.0,0,0,0,0.0,0.0,0.0,35,0.0,0.0,0.0,0.0,,1.0,0.0,0.0,0,0.0,False,primary_disconnected|central_present_slice_fraction_at_most_10_percent
12044,missing,False,y,18.0,14.0,16.0,10.0,15.0,16.0,11.0,False,0.0,0.0,0,0,0,0.0,0.0,0.0,33,0.0,0.0,0.0,0.0,,1.0,0.0,0.0,0,0.0,False,primary_disconnected|central_present_slice_fraction_at_most_10_percent
12048,missing,True,y,18.0,16.0,18.0,10.0,15.0,18.0,11.0,False,0.0,0.0,0,0,0,0.0,0.0,0.0,33,0.0,0.0,0.0,0.0,,1.0,0.0,0.0,0,0.0,False,primary_disconnected|central_present_slice_fraction_at_most_10_percent
12049,missing,True,y,18.0,14.0,18.0,10.0,15.0,18.0,11.0,False,0.0,0.0,0,0,0,0.0,0.0,0.0,33,0.0,0.0,0.0,0.0,,1.0,0.0,0.0,0,0.0,False,primary_disconnected|central_present_slice_fraction_at_most_10_percent
12050,missing,True,y,18.0,14.0,18.0,12.0,15.0,18.0,11.0,False,0.0,0.0,0,0,0,0.0,0.0,0.0,33,0.0,0.0,0.0,0.0,,1.0,0.0,0.0,0,0.0,False,primary_disconnected|central_present_slice_fraction_at_most_10_percent
12051,missing,True,y,18.0,16.0,18.0,12.0,15.0,18.0,11.0,False,0.0,0.0,0,0,0,0.0,0.0,0.0,33,0.0,0.0,0.0,0.0,,1.0,0.0,0.0,0,0.0,False,primary_disconnected|central_present_slice_fraction_at_most_10_percent
12080,missing,True,y,18.0,18.0,18.0,10.0,17.0,18.0,11.0,False,0.0,0.0,0,0,0,0.0,0.0,0.0,33,0.0,0.0,0.0,0.0,,1.0,0.0,0.0,0,0.0,False,primary_disconnected|central_present_slice_fraction_at_most_10_percent
12081,missing,True,y,18.0,16.0,18.0,10.0,17.0,18.0,11.0,False,0.0,0.0,0,0,0,0.0,0.0,0.0,32,0.0,0.0,0.0,0.0,,1.0,0.0,0.0,0,0.0,False,primary_disconnected|central_present_slice_fraction_at_most_10_percent
12082,missing,True,y,18.0,16.0,18.0,12.0,17.0,18.0,11.0,False,0.0,0.00884955752212,0,0,0,0.0,0.0,0.0,31,0.0,0.0,0.0,0.0,,1.0,0.0,0.0,0,0.0,False,primary_disconnected|central_present_slice_fraction_at_most_10_percent
12083,missing,True,y,18.0,18.0,18.0,12.0,17.0,18.0,11.0,False,0.0309734513274,0.0,0,0,0,0.0,0.0,0.0,33,0.0010726736390453205,0.0,0.0,0.0,,1.0,0.0,0.0,0,0.0,False,primary_disconnected|central_present_slice_fraction_at_most_10_percent
12281,missing,False,y,18.0,16.0,1.0,13.0,15.0,2.0,13.0,False,0.0,0.0,0,0,0,0.0,0.0,0.0,35,0.0,0.0,0.0,0.0,,1.0,0.0,0.0,0,0.0,False,primary_disconnected|central_present_slice_fraction_at_most_10_percent
12286,missing,False,y,18.0,15.0,2.0,13.0,15.0,1.0,14.0,False,0.0,0.0,0,0,0,0.0,0.0,0.0,34,0.0,0.0,0.0,0.0,,1.0,0.0,0.0,0,0.0,False,primary_disconnected|central_present_slice_fraction_at_most_10_percent
12488,missing,False,y,18.0,14.0,2.0,12.0,14.0,3.0,13.0,False,0.0,0.0,0,0,0,0.0,0.0,0.0,34,0.0,0.0,0.0,0.0,,1.0,0.0,0.0,0,0.0,False,primary_disconnected|central_present_slice_fraction_at_most_10_percent
12619,missing,False,y,18.0,8.0,4.0,14.0,7.0,4.0,13.0,False,0.0,0.0,0,0,0,0.0,0.0,0.0,35,0.0,0.0,0.0,0.0,,1.0,0.0,0.0,0,0.0,False,primary_disconnected|central_present_slice_fraction_at_most_10_percent
12639,missing,False,y,18.0,8.0,4.0,14.0,8.0,5.0,13.0,False,0.0,0.0,0,0,0,0.0,0.0,0.0,35,0.0,0.0,0.0,0.0,,1.0,0.0,0.0,0,0.0,False,primary_disconnected|central_present_slice_fraction_at_most_10_percent
12709,missing,False,y,18.0,14.0,6.0,12.0,14.0,5.0,13.0,False,0.0,0.0,0,0,0,0.0,0.0,0.0,34,0.0,0.0,0.0,0.0,,1.0,0.0,0.0,0,0.0,False,primary_disconnected|central_present_slice_fraction_at_most_10_percent
13061,missing,False,y,18.0,6.0,9.0,13.0,7.0,9.0,12.0,False,0.0,0.0,0,0,0,0.0,0.0,0.0,34,0.0,0.0,0.0,0.0,,1.0,0.0,0.0,0,0.0,False,primary_disconnected|central_present_slice_fraction_at_most_10_percent
13232,missing,False,y,18.0,2.0,11.0,13.0,3.0,11.0,14.0,False,0.0,0.0,0,0,0,0.0,0.0,0.0,34,0.0,0.0,0.0,0.0,,1.0,0.0,0.0,0,0.0,False,primary_disconnected|central_present_slice_fraction_at_most_10_percent
13345,missing,False,y,18.0,12.0,12.0,12.0,12.0,11.0,13.0,False,0.0,0.0,0,0,0,0.0,0.0,0.0,34,0.0,0.0,0.0,0.0,,1.0,0.0,0.0,0,0.0,False,primary_disconnected|central_present_slice_fraction_at_most_10_percent
13452,missing,False,y,18.0,2.0,13.0,13.0,3.0,13.0,14.0,False,0.0,0.0,0,0,0,0.0,0.0,0.0,34,0.0,0.0,0.0,0.0,,1.0,0.0,0.0,0,0.0,False,primary_disconnected|central_present_slice_fraction_at_most_10_percent
13638,missing,False,y,18.0,2.0,16.0,12.0,1.0,15.0,12.0,False,0.0,0.0,0,0,0,0.0,0.0,0.0,33,0.0,0.0,0.0,0.0,,1.0,0.0,0.0,0,0.0,False,primary_disconnected|central_present_slice_fraction_at_most_10_percent
13663,missing,False,y,18.0,2.0,16.0,12.0,3.0,15.0,12.0,False,0.0,0.0,0,0,0,0.0,0.0,0.0,33,0.0,0.0,0.0,0.0,,1.0,0.0,0.0,0,0.0,False,primary_disconnected|central_present_slice_fraction_at_most_10_percent
13665,missing,False,y,18.0,2.0,16.0,12.0,2.0,15.0,13.0,False,0.0,0.0,0,0,0,0.0,0.0,0.0,33,0.0,0.0,0.0,0.0,,1.0,0.0,0.0,0,0.0,False,primary_disconnected|central_present_slice_fraction_at_most_10_percent
13857,missing,False,y,18.0,2.0,16.0,12.0,1.0,17.0,12.0,False,0.0,0.0,0,0,0,0.0,0.0,0.0,34,0.0,0.0,0.0,0.0,,1.0,0.0,0.0,0,0.0,False,primary_disconnected|central_present_slice_fraction_at_most_10_percent
13865,missing,False,y,18.0,2.0,16.0,12.0,1.0,16.0,13.0,False,0.0,0.0,0,0,0,0.0,0.0,0.0,33,0.0,0.0,0.0,0.0,,1.0,0.0,0.0,0,0.0,False,primary_disconnected|central_present_slice_fraction_at_most_10_percent
13868,missing,True,y,18.0,2.0,18.0,12.0,1.0,18.0,13.0,False,0.0,0.0,0,0,0,0.0,0.0,0.0,31,0.0,0.0,0.0,0.0,,1.0,0.0,0.0,0,0.0,False,primary_disconnected|central_present_slice_fraction_at_most_10_percent
13869,missing,True,y,18.0,0.0,18.0,12.0,1.0,18.0,13.0,False,0.0,0.0,0,0,0,0.0,0.0,0.0,33,0.0,0.0,0.0,0.0,,1.0,0.0,0.0,0,0.0,False,primary_disconnected|central_present_slice_fraction_at_most_10_percent
13870,missing,True,y,18.0,0.0,18.0,14.0,1.0,18.0,13.0,False,0.0,0.0,0,0,0,0.0,0.0,0.0,33,0.0,0.0,0.0,0.0,,1.0,0.0,0.0,0,0.0,False,primary_disconnected|central_present_slice_fraction_at_most_10_percent
13871,missing,True,y,18.0,2.0,18.0,14.0,1.0,18.0,13.0,False,0.0,0.0,0,0,0,0.0,0.0,0.0,33,0.0,0.0,0.0,0.0,,1.0,0.0,0.0,0,0.0,False,primary_disconnected|central_present_slice_fraction_at_most_10_percent
13884,missing,False,y,18.0,2.0,16.0,12.0,3.0,17.0,12.0,False,0.0,0.0,0,0,0,0.0,0.0,0.0,34,0.0,0.0,0.0,0.0,,1.0,0.0,0.0,0,0.0,False,primary_disconnected|central_present_slice_fraction_at_most_10_percent
13888,missing,False,y,18.0,2.0,16.0,12.0,2.0,17.0,13.0,False,0.0,0.0,0,0,0,0.0,0.0,0.0,35,0.0,0.0,0.0,0.0,,1.0,0.0,0.0,0,0.0,False,primary_disconnected|central_present_slice_fraction_at_most_10_percent
13892,missing,False,y,18.0,2.0,16.0,12.0,3.0,16.0,13.0,False,0.0,0.0,0,0,0,0.0,0.0,0.0,34,0.0,0.0,0.0,0.0,,1.0,0.0,0.0,0,0.0,False,primary_disconnected|central_present_slice_fraction_at_most_10_percent
13896,missing,True,y,18.0,4.0,18.0,12.0,3.0,18.0,13.0,False,0.0,0.0,0,0,0,0.0,0.0,0.0,33,0.0,0.0,0.0,0.0,,1.0,0.0,0.0,0,0.0,False,primary_disconnected|central_present_slice_fraction_at_most_10_percent
13897,missing,True,y,18.0,2.0,18.0,12.0,3.0,18.0,13.0,False,0.0,0.0,0,0,0,0.0,0.0,0.0,33,0.0,0.0,0.0,0.0,,1.0,0.0,0.0,0,0.0,False,primary_disconnected|central_present_slice_fraction_at_most_10_percent
13898,missing,True,y,18.0,2.0,18.0,14.0,3.0,18.0,13.0,False,0.0,0.0,0,0,0,0.0,0.0,0.0,32,0.0,0.0,0.0,0.0,,1.0,0.0,0.0,0,0.0,False,primary_disconnected|central_present_slice_fraction_at_most_10_percent
13899,missing,True,y,18.0,4.0,18.0,14.0,3.0,18.0,13.0,False,0.0,0.0,0,0,0,0.0,0.0,0.0,33,0.0,0.0,0.0,0.0,,1.0,0.0,0.0,0,0.0,False,primary_disconnected|central_present_slice_fraction_at_most_10_percent
13924,missing,True,y,18.0,6.0,18.0,12.0,5.0,18.0,13.0,False,0.0,0.0,0,0,0,0.0,0.0,0.0,32,0.0,0.0,0.0,0.0,,1.0,0.0,0.0,0,0.0,False,primary_disconnected|central_present_slice_fraction_at_most_10_percent
13925,missing,True,y,18.0,4.0,18.0,12.0,5.0,18.0,13.0,False,0.0,0.0,0,0,0,0.0,0.0,0.0,33,0.0,0.0,0.0,0.0,,1.0,0.0,0.0,0,0.0,False,primary_disconnected|central_present_slice_fraction_at_most_10_percent
13926,missing,True,y,18.0,4.0,18.0,14.0,5.0,18.0,13.0,False,0.0,0.0,0,0,0,0.0,0.0,0.0,33,0.0,0.0,0.0,0.0,,1.0,0.0,0.0,0,0.0,False,primary_disconnected|central_present_slice_fraction_at_most_10_percent
13927,missing,True,y,18.0,6.0,18.0,14.0,5.0,18.0,13.0,False,0.00442477876106,0.0,0,0,0,0.0,0.0,0.0,35,0.0,0.0,0.0,0.0,,1.0,0.0,0.0,0,0.0,False,primary_disconnected|central_present_slice_fraction_at_most_10_percent
13952,missing,True,y,18.0,8.0,18.0,12.0,7.0,18.0,13.0,False,0.0,0.0,0,0,0,0.0,0.0,0.0,33,0.0,0.0,0.0,0.0,,1.0,0.0,0.0,0,0.0,False,primary_disconnected|central_present_slice_fraction_at_most_10_percent
13953,missing,True,y,18.0,6.0,18.0,12.0,7.0,18.0,13.0,False,0.0,0.0,0,0,0,0.0,0.0,0.0,33,0.0,0.0,0.0,0.0,,1.0,0.0,0.0,0,0.0,False,primary_disconnected|central_present_slice_fraction_at_most_10_percent
13954,missing,True,y,18.0,6.0,18.0,14.0,7.0,18.0,13.0,False,0.0,0.0,0,0,0,0.0,0.0,0.0,33,0.0,0.0,0.0,0.0,,1.0,0.0,0.0,0,0.0,False,primary_disconnected|central_present_slice_fraction_at_most_10_percent
13955,missing,True,y,18.0,8.0,18.0,14.0,7.0,18.0,13.0,False,0.0,0.0,0,0,0,0.0,0.0,0.0,32,0.0,0.0,0.0,0.0,,1.0,0.0,0.0,0,0.0,False,primary_disconnected|central_present_slice_fraction_at_most_10_percent
13980,missing,True,y,18.0,10.0,18.0,12.0,9.0,18.0,13.0,False,0.0,0.0,0,0,0,0.0,0.0,0.0,33,0.0,0.0,0.0,0.0,,1.0,0.0,0.0,0,0.0,False,primary_disconnected|central_present_slice_fraction_at_most_10_percent
13981,missing,True,y,18.0,8.0,18.0,12.0,9.0,18.0,13.0,False,0.0,0.0,0,0,0,0.0,0.0,0.0,33,0.0,0.0,0.0,0.0,,1.0,0.0,0.0,0,0.0,False,primary_disconnected|central_present_slice_fraction_at_most_10_percent
13982,missing,True,y,18.0,8.0,18.0,14.0,9.0,18.0,13.0,False,0.0,0.0,0,0,0,0.0,0.0,0.0,32,0.0,0.0,0.0,0.0,,1.0,0.0,0.0,0,0.0,False,primary_disconnected|central_present_slice_fraction_at_most_10_percent
13983,missing,True,y,18.0,10.0,18.0,14.0,9.0,18.0,13.0,False,0.0,0.0,0,0,0,0.0,0.0,0.0,32,0.0,0.0,0.0,0.0,,1.0,0.0,0.0,0,0.0,False,primary_disconnected|central_present_slice_fraction_at_most_10_percent
14008,missing,True,y,18.0,12.0,18.0,12.0,11.0,18.0,13.0,False,0.0,0.0,0,0,0,0.0,0.0,0.0,33,0.0,0.0,0.0,0.0,,1.0,0.0,0.0,0,0.0,False,primary_disconnected|central_present_slice_fraction_at_most_10_percent
14009,missing,True,y,18.0,10.0,18.0,12.0,11.0,18.0,13.0,False,0.0,0.0,0,0,0,0.0,0.0,0.0,33,0.0,0.0,0.0,0.0,,1.0,0.0,0.0,0,0.0,False,primary_disconnected|central_present_slice_fraction_at_most_10_percent
14010,missing,True,y,18.0,10.0,18.0,14.0,11.0,18.0,13.0,False,0.0,0.0,0,0,0,0.0,0.0,0.0,32,0.0,0.0,0.0,0.0,,1.0,0.0,0.0,0,0.0,False,primary_disconnected|central_present_slice_fraction_at_most_10_percent
14011,missing,True,y,18.0,12.0,18.0,14.0,11.0,18.0,13.0,False,0.0,0.0,0,0,0,0.0,0.0,0.0,32,0.0,0.0,0.0,0.0,,1.0,0.0,0.0,0,0.0,False,primary_disconnected|central_present_slice_fraction_at_most_10_percent
14036,missing,True,y,18.0,14.0,18.0,12.0,13.0,18.0,13.0,False,0.0,0.0,0,0,0,0.0,0.0,0.0,32,0.0,0.0,0.0,0.0,,1.0,0.0,0.0,0,0.0,False,primary_disconnected|central_present_slice_fraction_at_most_10_percent
14037,missing,True,y,18.0,12.0,18.0,12.0,13.0,18.0,13.0,False,0.0,0.0973451327434,0,0,0,0.05405405405405406,0.0,0.16666666666666666,35,0.0038268356852427647,0.0,0.0,0.0,,1.0,0.0,0.0,0,0.0,False,primary_disconnected|central_present_slice_fraction_at_most_10_percent
14038,missing,True,y,18.0,12.0,18.0,14.0,13.0,18.0,13.0,False,0.0,0.0929203539823,0,0,0,0.030303030303030304,0.0,0.09090909090909091,32,0.002145347278090641,0.0,0.0,0.0,,1.0,0.0,0.0,0,0.0,False,primary_disconnected|central_present_slice_fraction_at_most_10_percent
14039,missing,True,y,18.0,14.0,18.0,14.0,13.0,18.0,13.0,False,0.0,0.0,0,0,0,0.0,0.0,0.0,30,0.0,0.0,0.0,0.0,,1.0,0.0,0.0,0,0.0,False,primary_disconnected|central_present_slice_fraction_at_most_10_percent
14064,missing,True,y,18.0,16.0,18.0,12.0,15.0,18.0,13.0,False,0.0,0.0,0,0,0,0.0,0.0,0.0,32,0.0,0.0,0.0,0.0,,1.0,0.0,0.0,0,0.0,False,primary_disconnected|central_present_slice_fraction_at_most_10_percent
14065,missing,True,y,18.0,14.0,18.0,12.0,15.0,18.0,13.0,False,0.0,0.0914454277286,0,0,0,0.02702702702702703,0.0,0.08333333333333333,36,0.0033484812245874193,0.0,0.0,0.0,,1.0,0.0,0.0,0,0.0,False,primary_disconnected|central_present_slice_fraction_at_most_10_percent
14066,missing,True,y,18.0,14.0,18.0,14.0,15.0,18.0,13.0,False,0.0,0.159292035398,0,0,0,0.06060606060606061,0.0,0.18181818181818182,31,0.0053633681952266025,0.0,0.0,0.0,,1.0,0.0,0.0,0,0.0,False,primary_disconnected|central_present_slice_fraction_at_most_10_percent
14067,missing,True,y,18.0,16.0,18.0,14.0,15.0,18.0,13.0,False,0.0,0.0,0,0,0,0.0,0.0,0.0,31,0.0,0.0,0.0,0.0,,1.0,0.0,0.0,0,0.0,False,primary_disconnected|central_present_slice_fraction_at_most_10_percent
14096,missing,True,y,18.0,18.0,18.0,12.0,17.0,18.0,13.0,False,0.0,0.0,0,0,0,0.0,0.0,0.0,30,0.0,0.0,0.0,0.0,,1.0,0.0,0.0,0,0.0,False,primary_disconnected|central_present_slice_fraction_at_most_10_percent
14097,missing,True,y,18.0,16.0,18.0,12.0,17.0,18.0,13.0,False,0.0,0.0,0,0,0,0.0,0.0,0.0,31,0.0,0.0,0.0,0.0,,1.0,0.0,0.0,0,0.0,False,primary_disconnected|central_present_slice_fraction_at_most_10_percent
14098,missing,True,y,18.0,16.0,18.0,14.0,17.0,18.0,13.0,False,0.0,0.0,0,0,0,0.0,0.0,0.0,33,0.0,0.0,0.0,0.0,,1.0,0.0,0.0,0,0.0,False,primary_disconnected|central_present_slice_fraction_at_most_10_percent
14099,missing,True,y,18.0,18.0,18.0,14.0,17.0,18.0,13.0,False,0.0,0.0,0,0,0,0.0,0.0,0.0,30,0.0,0.0,0.0,0.0,,1.0,0.0,0.0,0,0.0,False,primary_disconnected|central_present_slice_fraction_at_most_10_percent
14119,missing,False,y,18.0,0.0,0.0,16.0,0.0,1.0,15.0,False,0.0,0.0,0,0,0,0.0,0.0,0.0,34,0.0,0.0,0.0,0.0,,1.0,0.0,0.0,0,0.0,False,primary_disconnected|central_present_slice_fraction_at_most_10_percent
14210,missing,False,y,18.0,10.0,2.0,14.0,9.0,1.0,14.0,False,0.0,0.0,0,0,0,0.0,0.0,0.0,34,0.0,0.0,0.0,0.0,,1.0,0.0,0.0,0,0.0,False,primary_disconnected|central_present_slice_fraction_at_most_10_percent
14296,missing,False,y,18.0,16.0,1.0,15.0,15.0,1.0,14.0,False,0.0,0.0,0,0,0,0.0,0.0,0.0,35,0.0,0.0,0.0,0.0,,1.0,0.0,0.0,0,0.0,False,primary_disconnected|central_present_slice_fraction_at_most_10_percent
14297,missing,False,y,18.0,16.0,1.0,15.0,15.0,2.0,15.0,False,0.0,0.0,0,0,0,0.0,0.0,0.0,35,0.0,0.0,0.0,0.0,,1.0,0.0,0.0,0,0.0,False,primary_disconnected|central_present_slice_fraction_at_most_10_percent
14576,missing,False,y,18.0,2.0,4.0,14.0,3.0,5.0,14.0,False,0.0,0.0,0,0,0,0.0,0.0,0.0,33,0.0,0.0,0.0,0.0,,1.0,0.0,0.0,0,0.0,False,primary_disconnected|central_present_slice_fraction_at_most_10_percent
14625,missing,False,y,18.0,8.0,4.0,14.0,7.0,5.0,14.0,False,0.0,0.0,0,0,0,0.0,0.0,0.0,35,0.0,0.0,0.0,0.0,,1.0,0.0,0.0,0,0.0,False,primary_disconnected|central_present_slice_fraction_at_most_10_percent
14637,missing,False,y,18.0,6.0,5.0,15.0,7.0,5.0,14.0,False,0.0,0.0,0,0,0,0.0,0.0,0.0,34,0.0,0.0,0.0,0.0,,1.0,0.0,0.0,0,0.0,False,primary_disconnected|central_present_slice_fraction_at_most_10_percent
15386,missing,False,y,18.0,14.0,12.0,16.0,14.0,11.0,15.0,False,0.0,0.0,0,0,0,0.0,0.0,0.0,34,0.0,0.0,0.0,0.0,,1.0,0.0,0.0,0,0.0,False,primary_disconnected|central_present_slice_fraction_at_most_10_percent
15629,missing,False,y,18.0,16.0,14.0,14.0,16.0,13.0,15.0,False,0.0,0.0,0,0,0,0.0,0.0,0.0,34,0.0,0.0,0.0,0.0,,1.0,0.0,0.0,0,0.0,False,primary_disconnected|central_present_slice_fraction_at_most_10_percent
15712,missing,False,y,18.0,4.0,15.0,15.0,5.0,15.0,16.0,False,0.0,0.0,0,0,0,0.0,0.0,0.0,34,0.0,0.0,0.0,0.0,,1.0,0.0,0.0,0,0.0,False,primary_disconnected|central_present_slice_fraction_at_most_10_percent
15884,missing,True,y,18.0,2.0,18.0,14.0,1.0,18.0,15.0,False,0.0,0.0,0,0,0,0.0,0.0,0.0,33,0.0,0.0,0.0,0.0,,1.0,0.0,0.0,0,0.0,False,primary_disconnected|central_present_slice_fraction_at_most_10_percent
15885,missing,True,y,18.0,0.0,18.0,14.0,1.0,18.0,15.0,False,0.0,0.0,0,0,0,0.0,0.0,0.0,33,0.0,0.0,0.0,0.0,,1.0,0.0,0.0,0,0.0,False,primary_disconnected|central_present_slice_fraction_at_most_10_percent
15886,missing,True,y,18.0,0.0,18.0,16.0,1.0,18.0,15.0,False,0.0,0.0,0,0,0,0.0,0.0,0.0,33,0.0,0.0,0.0,0.0,,1.0,0.0,0.0,0,0.0,False,primary_disconnected|central_present_slice_fraction_at_most_10_percent
15887,missing,True,y,18.0,2.0,18.0,16.0,1.0,18.0,15.0,False,0.0,0.0,0,0,0,0.0,0.0,0.0,33,0.0,0.0,0.0,0.0,,1.0,0.0,0.0,0,0.0,False,primary_disconnected|central_present_slice_fraction_at_most_10_percent
15912,missing,True,y,18.0,4.0,18.0,14.0,3.0,18.0,15.0,False,0.0,0.0,0,0,0,0.0,0.0,0.0,33,0.0,0.0,0.0,0.0,,1.0,0.0,0.0,0,0.0,False,primary_disconnected|central_present_slice_fraction_at_most_10_percent
15913,missing,True,y,18.0,2.0,18.0,14.0,3.0,18.0,15.0,False,0.0,0.0,0,0,0,0.0,0.0,0.0,33,0.0,0.0,0.0,0.0,,1.0,0.0,0.0,0,0.0,False,primary_disconnected|central_present_slice_fraction_at_most_10_percent
15914,missing,True,y,18.0,2.0,18.0,16.0,3.0,18.0,15.0,False,0.0,0.0,0,0,0,0.0,0.0,0.0,33,0.0,0.0,0.0,0.0,,1.0,0.0,0.0,0,0.0,False,primary_disconnected|central_present_slice_fraction_at_most_10_percent
15915,missing,True,y,18.0,4.0,18.0,16.0,3.0,18.0,15.0,False,0.0,0.0,0,0,0,0.0,0.0,0.0,32,0.0,0.0,0.0,0.0,,1.0,0.0,0.0,0,0.0,False,primary_disconnected|central_present_slice_fraction_at_most_10_percent
15939,missing,False,y,18.0,6.0,16.0,16.0,5.0,16.0,15.0,False,0.0,0.0,0,0,0,0.0,0.0,0.0,35,0.0,0.0,0.0,0.0,,1.0,0.0,0.0,0,0.0,False,primary_disconnected|central_present_slice_fraction_at_most_10_percent
15940,missing,True,y,18.0,6.0,18.0,14.0,5.0,18.0,15.0,False,0.0,0.0,0,0,0,0.0,0.0,0.0,33,0.0,0.0,0.0,0.0,,1.0,0.0,0.0,0,0.0,False,primary_disconnected|central_present_slice_fraction_at_most_10_percent
15941,missing,True,y,18.0,4.0,18.0,14.0,5.0,18.0,15.0,False,0.0,0.0,0,0,0,0.0,0.0,0.0,33,0.0,0.0,0.0,0.0,,1.0,0.0,0.0,0,0.0,False,primary_disconnected|central_present_slice_fraction_at_most_10_percent
15942,missing,True,y,18.0,4.0,18.0,16.0,5.0,18.0,15.0,False,0.0,0.0,0,0,0,0.0,0.0,0.0,31,0.0,0.0,0.0,0.0,,1.0,0.0,0.0,0,0.0,False,primary_disconnected|central_present_slice_fraction_at_most_10_percent
15943,missing,True,y,18.0,6.0,18.0,16.0,5.0,18.0,15.0,False,0.0,0.0,0,0,0,0.0,0.0,0.0,33,0.0,0.0,0.0,0.0,,1.0,0.0,0.0,0,0.0,False,primary_disconnected|central_present_slice_fraction_at_most_10_percent
15968,missing,True,y,18.0,8.0,18.0,14.0,7.0,18.0,15.0,False,0.0,0.0,0,0,0,0.0,0.0,0.0,33,0.0,0.0,0.0,0.0,,1.0,0.0,0.0,0,0.0,False,primary_disconnected|central_present_slice_fraction_at_most_10_percent
15969,missing,True,y,18.0,6.0,18.0,14.0,7.0,18.0,15.0,False,0.0,0.0,0,0,0,0.0,0.0,0.0,33,0.0,0.0,0.0,0.0,,1.0,0.0,0.0,0,0.0,False,primary_disconnected|central_present_slice_fraction_at_most_10_percent
15970,missing,True,y,18.0,6.0,18.0,16.0,7.0,18.0,15.0,False,0.0,0.0,0,0,0,0.0,0.0,0.0,32,0.0,0.0,0.0,0.0,,1.0,0.0,0.0,0,0.0,False,primary_disconnected|central_present_slice_fraction_at_most_10_percent
15971,missing,True,y,18.0,8.0,18.0,16.0,7.0,18.0,15.0,False,0.0,0.0,0,0,0,0.0,0.0,0.0,32,0.0,0.0,0.0,0.0,,1.0,0.0,0.0,0,0.0,False,primary_disconnected|central_present_slice_fraction_at_most_10_percent
15996,missing,True,y,18.0,10.0,18.0,14.0,9.0,18.0,15.0,False,0.0,0.0,0,0,0,0.0,0.0,0.0,33,0.0,0.0,0.0,0.0,,1.0,0.0,0.0,0,0.0,False,primary_disconnected|central_present_slice_fraction_at_most_10_percent
15997,missing,True,y,18.0,8.0,18.0,14.0,9.0,18.0,15.0,False,0.0,0.0,0,0,0,0.0,0.0,0.0,33,0.0,0.0,0.0,0.0,,1.0,0.0,0.0,0,0.0,False,primary_disconnected|central_present_slice_fraction_at_most_10_percent
15998,missing,True,y,18.0,8.0,18.0,16.0,9.0,18.0,15.0,False,0.0,0.0,0,0,0,0.0,0.0,0.0,31,0.0,0.0,0.0,0.0,,1.0,0.0,0.0,0,0.0,False,primary_disconnected|central_present_slice_fraction_at_most_10_percent
15999,missing,True,y,18.0,10.0,18.0,16.0,9.0,18.0,15.0,False,0.0,0.0,0,0,0,0.0,0.0,0.0,33,0.0,0.0,0.0,0.0,,1.0,0.0,0.0,0,0.0,False,primary_disconnected|central_present_slice_fraction_at_most_10_percent
16024,missing,True,y,18.0,12.0,18.0,14.0,11.0,18.0,15.0,False,0.0,0.0,0,0,0,0.0,0.0,0.0,33,0.0,0.0,0.0,0.0,,1.0,0.0,0.0,0,0.0,False,primary_disconnected|central_present_slice_fraction_at_most_10_percent
16025,missing,True,y,18.0,10.0,18.0,14.0,11.0,18.0,15.0,False,0.0,0.0,0,0,0,0.0,0.0,0.0,33,0.0,0.0,0.0,0.0,,1.0,0.0,0.0,0,0.0,False,primary_disconnected|central_present_slice_fraction_at_most_10_percent
16026,missing,True,y,18.0,10.0,18.0,16.0,11.0,18.0,15.0,False,0.0,0.0,0,0,0,0.0,0.0,0.0,31,0.0,0.0,0.0,0.0,,1.0,0.0,0.0,0,0.0,False,primary_disconnected|central_present_slice_fraction_at_most_10_percent
16027,missing,True,y,18.0,12.0,18.0,16.0,11.0,18.0,15.0,False,0.0,0.0,0,0,0,0.0,0.0,0.0,33,0.0,0.0,0.0,0.0,,1.0,0.0,0.0,0,0.0,False,primary_disconnected|central_present_slice_fraction_at_most_10_percent
16052,missing,True,y,18.0,14.0,18.0,14.0,13.0,18.0,15.0,False,0.0,0.0,0,0,0,0.0,0.0,0.0,33,0.0,0.0,0.0,0.0,,1.0,0.0,0.0,0,0.0,False,primary_disconnected|central_present_slice_fraction_at_most_10_percent
16053,missing,True,y,18.0,12.0,18.0,14.0,13.0,18.0,15.0,False,0.0,0.0,0,0,0,0.0,0.0,0.0,33,0.0,0.0,0.0,0.0,,1.0,0.0,0.0,0,0.0,False,primary_disconnected|central_present_slice_fraction_at_most_10_percent
16054,missing,True,y,18.0,12.0,18.0,16.0,13.0,18.0,15.0,False,0.0,0.0,0,0,0,0.0,0.0,0.0,33,0.0,0.0,0.0,0.0,,1.0,0.0,0.0,0,0.0,False,primary_disconnected|central_present_slice_fraction_at_most_10_percent
16055,missing,True,y,18.0,14.0,18.0,16.0,13.0,18.0,15.0,False,0.0,0.0,0,0,0,0.0,0.0,0.0,33,0.0,0.0,0.0,0.0,,1.0,0.0,0.0,0,0.0,False,primary_disconnected|central_present_slice_fraction_at_most_10_percent
16080,missing,True,y,18.0,16.0,18.0,14.0,15.0,18.0,15.0,False,0.0,0.0,0,0,0,0.0,0.0,0.0,33,0.0,0.0,0.0,0.0,,1.0,0.0,0.0,0,0.0,False,primary_disconnected|central_present_slice_fraction_at_most_10_percent
16081,missing,True,y,18.0,14.0,18.0,14.0,15.0,18.0,15.0,False,0.0,0.0,0,0,0,0.0,0.0,0.0,33,0.0,0.0,0.0,0.0,,1.0,0.0,0.0,0,0.0,False,primary_disconnected|central_present_slice_fraction_at_most_10_percent
16082,missing,True,y,18.0,14.0,18.0,16.0,15.0,18.0,15.0,False,0.0,0.0,0,0,0,0.0,0.0,0.0,33,0.0,0.0,0.0,0.0,,1.0,0.0,0.0,0,0.0,False,primary_disconnected|central_present_slice_fraction_at_most_10_percent
16083,missing,True,y,18.0,16.0,18.0,16.0,15.0,18.0,15.0,False,0.0,0.0,0,0,0,0.0,0.0,0.0,33,0.0,0.0,0.0,0.0,,1.0,0.0,0.0,0,0.0,False,primary_disconnected|central_present_slice_fraction_at_most_10_percent
16112,missing,True,y,18.0,18.0,18.0,14.0,17.0,18.0,15.0,False,0.0,0.0,0,0,0,0.0,0.0,0.0,33,0.0,0.0,0.0,0.0,,1.0,0.0,0.0,0,0.0,False,primary_disconnected|central_present_slice_fraction_at_most_10_percent
16113,missing,True,y,18.0,16.0,18.0,14.0,17.0,18.0,15.0,False,0.0,0.0,0,0,0,0.0,0.0,0.0,33,0.0,0.0,0.0,0.0,,1.0,0.0,0.0,0,0.0,False,primary_disconnected|central_present_slice_fraction_at_most_10_percent
16114,missing,True,y,18.0,16.0,18.0,16.0,17.0,18.0,15.0,False,0.0,0.0,0,0,0,0.0,0.0,0.0,33,0.0,0.0,0.0,0.0,,1.0,0.0,0.0,0,0.0,False,primary_disconnected|central_present_slice_fraction_at_most_10_percent
16115,missing,True,y,18.0,18.0,18.0,16.0,17.0,18.0,15.0,False,0.0,0.0,0,0,0,0.0,0.0,0.0,33,0.0,0.0,0.0,0.0,,1.0,0.0,0.0,0,0.0,False,primary_disconnected|central_present_slice_fraction_at_most_10_percent
16820,missing,False,y,18.0,12.0,4.0,16.0,13.0,4.0,17.0,False,0.0,0.0,0,0,0,0.0,0.0,0.0,35,0.0,0.0,0.0,0.0,,1.0,0.0,0.0,0,0.0,False,primary_disconnected|central_present_slice_fraction_at_most_10_percent
17007,missing,False,y,18.0,7.0,8.0,17.0,7.0,7.0,16.0,False,0.0,0.0,0,0,0,0.0,0.0,0.0,34,0.0,0.0,0.0,0.0,,1.0,0.0,0.0,0,0.0,False,primary_disconnected|central_present_slice_fraction_at_most_10_percent
17562,missing,False,y,18.0,10.0,10.0,18.0,11.0,10.0,17.0,False,0.0619469026549,0.0,1650,0,0,0.029411764705882353,0.09090909090909091,0.0,33,0.0018219677251431546,0.0,0.0,0.0,,1.0,0.0,0.0,0,0.0,False,primary_disconnected|central_present_slice_fraction_at_most_10_percent
17607,missing,False,y,18.0,14.0,12.0,16.0,15.0,11.0,16.0,False,0.0,0.0,0,0,0,0.0,0.0,0.0,34,0.0,0.0,0.0,0.0,,1.0,0.0,0.0,0,0.0,False,primary_disconnected|central_present_slice_fraction_at_most_10_percent
17855,missing,False,y,18.0,13.0,12.0,17.0,13.0,13.0,16.0,False,0.0,0.0,0,0,0,0.0,0.0,0.0,34,0.0,0.0,0.0,0.0,,1.0,0.0,0.0,0,0.0,False,primary_disconnected|central_present_slice_fraction_at_most_10_percent
18192,missing,True,y,18.0,2.0,18.0,16.0,1.0,18.0,17.0,False,0.0,0.0,0,0,0,0.0,0.0,0.0,33,0.0,0.0,0.0,0.0,,1.0,0.0,0.0,0,0.0,False,primary_disconnected|central_present_slice_fraction_at_most_10_percent
18193,missing,True,y,18.0,0.0,18.0,16.0,1.0,18.0,17.0,False,0.0,0.0,0,0,0,0.0,0.0,0.0,33,0.0,0.0,0.0,0.0,,1.0,0.0,0.0,0,0.0,False,primary_disconnected|central_present_slice_fraction_at_most_10_percent
18194,missing,True,y,18.0,0.0,18.0,18.0,1.0,18.0,17.0,False,0.0,0.0,0,0,0,0.0,0.0,0.0,30,0.0,0.0,0.0,0.0,,1.0,0.0,0.0,0,0.0,False,primary_disconnected|central_present_slice_fraction_at_most_10_percent
18195,missing,True,y,18.0,2.0,18.0,18.0,1.0,18.0,17.0,False,0.00442477876106,0.0,799,0,0,0.0,0.0,0.0,36,0.0,0.0,0.0,0.0,,1.0,0.0,0.0,0,0.0,False,primary_disconnected|central_present_slice_fraction_at_most_10_percent
18200,missing,False,y,18.0,2.0,17.0,17.0,1.0,17.0,16.0,False,0.0,0.0,0,0,0,0.0,0.0,0.0,34,0.0,0.0,0.0,0.0,,1.0,0.0,0.0,0,0.0,False,primary_disconnected|central_present_slice_fraction_at_most_10_percent
18224,missing,True,y,18.0,4.0,18.0,16.0,3.0,18.0,17.0,False,0.0,0.0,0,0,0,0.0,0.0,0.0,33,0.0,0.0,0.0,0.0,,1.0,0.0,0.0,0,0.0,False,primary_disconnected|central_present_slice_fraction_at_most_10_percent
18225,missing,True,y,18.0,2.0,18.0,16.0,3.0,18.0,17.0,False,0.0,0.0,0,0,0,0.0,0.0,0.0,33,0.0,0.0,0.0,0.0,,1.0,0.0,0.0,0,0.0,False,primary_disconnected|central_present_slice_fraction_at_most_10_percent
18226,missing,True,y,18.0,2.0,18.0,18.0,3.0,18.0,17.0,False,0.00884955752212,0.0,0,0,0,0.0,0.0,0.0,36,0.0002458210422812193,0.0,0.0,0.0,,1.0,0.0,0.0,0,0.0,False,primary_disconnected|central_present_slice_fraction_at_most_10_percent
18227,missing,True,y,18.0,4.0,18.0,18.0,3.0,18.0,17.0,False,0.0,0.0,0,0,0,0.0,0.0,0.0,36,0.0,0.0,0.0,0.0,,1.0,0.0,0.0,0,0.0,False,primary_disconnected|central_present_slice_fraction_at_most_10_percent
18249,missing,True,y,18.0,4.0,18.0,16.0,4.0,17.0,17.0,False,0.0,0.200589970501,0,1596,0,0.09090909090909091,0.0,0.2727272727272727,30,0.014212925717350498,0.0,0.0,0.0,,1.0,0.0,0.0,0,0.0,False,primary_disconnected|central_present_slice_fraction_at_most_10_percent
18256,missing,True,y,18.0,6.0,18.0,16.0,5.0,18.0,17.0,False,0.0,0.0,0,0,0,0.0,0.0,0.0,33,0.0,0.0,0.0,0.0,,1.0,0.0,0.0,0,0.0,False,primary_disconnected|central_present_slice_fraction_at_most_10_percent
18257,missing,True,y,18.0,4.0,18.0,16.0,5.0,18.0,17.0,False,0.0,0.0,0,0,0,0.0,0.0,0.0,33,0.0,0.0,0.0,0.0,,1.0,0.0,0.0,0,0.0,False,primary_disconnected|central_present_slice_fraction_at_most_10_percent
18259,missing,True,y,18.0,6.0,18.0,18.0,5.0,18.0,17.0,False,0.00442477876106,0.0,971,0,0,0.0,0.0,0.0,36,0.0,0.0,0.0,0.0,,1.0,0.0,0.0,0,0.0,False,primary_disconnected|central_present_slice_fraction_at_most_10_percent
18274,missing,True,y,18.0,8.0,18.0,16.0,7.0,17.0,16.0,False,0.0,0.0,0,0,0,0.0,0.0,0.0,34,0.0,0.0,0.0,0.0,,1.0,0.0,0.0,0,0.0,False,primary_disconnected|central_present_slice_fraction_at_most_10_percent
18288,missing,True,y,18.0,8.0,18.0,16.0,7.0,18.0,17.0,False,0.0,0.0,0,0,0,0.0,0.0,0.0,33,0.0,0.0,0.0,0.0,,1.0,0.0,0.0,0,0.0,False,primary_disconnected|central_present_slice_fraction_at_most_10_percent
18289,missing,True,y,18.0,6.0,18.0,16.0,7.0,18.0,17.0,False,0.0,0.0,0,0,0,0.0,0.0,0.0,33,0.0,0.0,0.0,0.0,,1.0,0.0,0.0,0,0.0,False,primary_disconnected|central_present_slice_fraction_at_most_10_percent
18290,missing,True,y,18.0,6.0,18.0,18.0,7.0,18.0,17.0,False,0.0132743362832,0.0,0,0,0,0.0,0.0,0.0,36,0.0,0.0,0.0,0.0,,1.0,0.0,0.0,0,0.0,False,primary_disconnected|central_present_slice_fraction_at_most_10_percent
18291,missing,True,y,18.0,8.0,18.0,18.0,7.0,18.0,17.0,False,0.0,0.0,0,0,0,0.0,0.0,0.0,36,0.0,0.0,0.0,0.0,,1.0,0.0,0.0,0,0.0,False,primary_disconnected|central_present_slice_fraction_at_most_10_percent
18320,missing,True,y,18.0,10.0,18.0,16.0,9.0,18.0,17.0,False,0.0,0.0,0,0,0,0.0,0.0,0.0,33,0.0,0.0,0.0,0.0,,1.0,0.0,0.0,0,0.0,False,primary_disconnected|central_present_slice_fraction_at_most_10_percent
18321,missing,True,y,18.0,8.0,18.0,16.0,9.0,18.0,17.0,False,0.0,0.0,0,0,0,0.0,0.0,0.0,33,0.0,0.0,0.0,0.0,,1.0,0.0,0.0,0,0.0,False,primary_disconnected|central_present_slice_fraction_at_most_10_percent
18322,missing,True,y,18.0,8.0,18.0,18.0,9.0,18.0,17.0,False,0.0132743362832,0.0,0,0,0,0.0,0.0,0.0,36,0.0,0.0,0.0,0.0,,1.0,0.0,0.0,0,0.0,False,primary_disconnected|central_present_slice_fraction_at_most_10_percent
18323,missing,True,y,18.0,10.0,18.0,18.0,9.0,18.0,17.0,False,0.0,0.0,0,0,0,0.0,0.0,0.0,35,0.0,0.0,0.0,0.0,,1.0,0.0,0.0,0,0.0,False,primary_disconnected|central_present_slice_fraction_at_most_10_percent
18352,missing,True,y,18.0,12.0,18.0,16.0,11.0,18.0,17.0,False,0.0,0.0,0,0,0,0.0,0.0,0.0,33,0.0,0.0,0.0,0.0,,1.0,0.0,0.0,0,0.0,False,primary_disconnected|central_present_slice_fraction_at_most_10_percent
18353,missing,True,y,18.0,10.0,18.0,16.0,11.0,18.0,17.0,False,0.0,0.0,0,0,0,0.0,0.0,0.0,33,0.0,0.0,0.0,0.0,,1.0,0.0,0.0,0,0.0,False,primary_disconnected|central_present_slice_fraction_at_most_10_percent
18354,missing,True,y,18.0,10.0,18.0,18.0,11.0,18.0,17.0,False,0.00442477876106,0.0,986,0,0,0.0,0.0,0.0,35,0.0,0.0,0.0,0.0,,1.0,0.0,0.0,0,0.0,False,primary_disconnected|central_present_slice_fraction_at_most_10_percent
18355,missing,True,y,18.0,12.0,18.0,18.0,11.0,18.0,17.0,False,0.0,0.0,0,0,0,0.0,0.0,0.0,35,0.0,0.0,0.0,0.0,,1.0,0.0,0.0,0,0.0,False,primary_disconnected|central_present_slice_fraction_at_most_10_percent
18384,missing,True,y,18.0,14.0,18.0,16.0,13.0,18.0,17.0,False,0.0,0.0,0,0,0,0.0,0.0,0.0,33,0.0,0.0,0.0,0.0,,1.0,0.0,0.0,0,0.0,False,primary_disconnected|central_present_slice_fraction_at_most_10_percent
18385,missing,True,y,18.0,12.0,18.0,16.0,13.0,18.0,17.0,False,0.0,0.0,0,0,0,0.0,0.0,0.0,33,0.0,0.0,0.0,0.0,,1.0,0.0,0.0,0,0.0,False,primary_disconnected|central_present_slice_fraction_at_most_10_percent
18386,missing,True,y,18.0,12.0,18.0,18.0,13.0,18.0,17.0,False,0.0,0.0,0,0,0,0.0,0.0,0.0,35,0.0,0.0,0.0,0.0,,1.0,0.0,0.0,0,0.0,False,primary_disconnected|central_present_slice_fraction_at_most_10_percent
18387,missing,True,y,18.0,14.0,18.0,18.0,13.0,18.0,17.0,False,0.0,0.0,0,0,0,0.0,0.0,0.0,35,0.0,0.0,0.0,0.0,,1.0,0.0,0.0,0,0.0,False,primary_disconnected|central_present_slice_fraction_at_most_10_percent
18416,missing,True,y,18.0,16.0,18.0,16.0,15.0,18.0,17.0,False,0.0,0.0,0,0,0,0.0,0.0,0.0,33,0.0,0.0,0.0,0.0,,1.0,0.0,0.0,0,0.0,False,primary_disconnected|central_present_slice_fraction_at_most_10_percent
18417,missing,True,y,18.0,14.0,18.0,16.0,15.0,18.0,17.0,False,0.0,0.0,0,0,0,0.0,0.0,0.0,33,0.0,0.0,0.0,0.0,,1.0,0.0,0.0,0,0.0,False,primary_disconnected|central_present_slice_fraction_at_most_10_percent
18418,missing,True,y,18.0,14.0,18.0,18.0,15.0,18.0,17.0,False,0.0,0.0,0,0,0,0.0,0.0,0.0,35,0.0,0.0,0.0,0.0,,1.0,0.0,0.0,0,0.0,False,primary_disconnected|central_present_slice_fraction_at_most_10_percent
18419,missing,True,y,18.0,16.0,18.0,18.0,15.0,18.0,17.0,False,0.0,0.0,0,0,0,0.0,0.0,0.0,35,0.0,0.0,0.0,0.0,,1.0,0.0,0.0,0,0.0,False,primary_disconnected|central_present_slice_fraction_at_most_10_percent
18452,missing,True,y,18.0,18.0,18.0,16.0,17.0,18.0,17.0,False,0.0,0.0,0,0,0,0.0,0.0,0.0,30,0.0,0.0,0.0,0.0,,1.0,0.0,0.0,0,0.0,False,primary_disconnected|central_present_slice_fraction_at_most_10_percent
18453,missing,True,y,18.0,16.0,18.0,16.0,17.0,18.0,17.0,False,0.0,0.0,0,0,0,0.0,0.0,0.0,32,0.0,0.0,0.0,0.0,,1.0,0.0,0.0,0,0.0,False,primary_disconnected|central_present_slice_fraction_at_most_10_percent
18454,missing,True,y,18.0,16.0,18.0,18.0,17.0,18.0,17.0,False,0.0,0.0,0,0,0,0.0,0.0,0.0,35,0.0,0.0,0.0,0.0,,1.0,0.0,0.0,0,0.0,False,primary_disconnected|central_present_slice_fraction_at_most_10_percent
18455,missing,True,y,18.0,18.0,18.0,18.0,17.0,18.0,17.0,False,0.0,0.0,0,0,0,0.0,0.0,0.0,33,0.0,0.0,0.0,0.0,,1.0,0.0,0.0,0,0.0,False,primary_disconnected|central_present_slice_fraction_at_most_10_percent
