strut_id,defect_class,touches_excluded_nominal_plane,excluded_nominal_axis,excluded_nominal_value,x0_nominal,y0_nominal,z0_nominal,x1_nominal,y1_nominal,z1_nominal,same_material_component_connects_a_to_b,a_collar_foreground_fraction,b_collar_foreground_fraction,endpoint0_to_collar_component_voxel_count_in_corridor,endpoint1_to_collar_component_voxel_count_in_corridor,minimum_endpoint_to_collar_component_voxel_count_in_corridor,central_reference_foreground_fraction_p90,central_minimum_foreground_fraction,central_minimum_smoothed_foreground_fraction,central_minimum_relative_to_reference,central_material_loss_fraction,central_deficit_cutoff_foreground_fraction,central_deficit_fraction,longest_deficit_run_samples,minimum_endpoint_collar_foreground_fraction,both_endpoint_segments_observed,reasons
10,missing,False,y,18.0,0.0,0.0,2.0,1.0,0.0,1.0,False,0.0,0.0,0,0,0,0.0,0.0,0.0,,1.0,0.0,0.0,0,0.0,False,primary_disconnected|three_slice_smoothed_central_minimum_is_zero
178,missing,False,y,18.0,14.0,0.0,2.0,15.0,0.0,1.0,False,0.115044247788,0.318584070796,1424,2083,1424,0.2902654867256637,0.0,0.0,0.0,0.5323355506282336,0.14513274336283186,0.45454545454545453,15,0.115044247788,True,primary_disconnected|three_slice_smoothed_central_minimum_is_zero
214,missing,False,y,18.0,18.0,1.0,1.0,17.0,1.0,2.0,False,0.0,0.0,0,0,0,0.0,0.0,0.0,,1.0,0.0,0.0,0,0.0,False,primary_disconnected|three_slice_smoothed_central_minimum_is_zero
417,missing,False,y,18.0,16.0,4.0,0.0,16.0,3.0,1.0,False,0.991150442478,0.0,2627,0,0,0.7327433628318583,0.0,0.0,0.0,0.8166382495026996,0.36637168141592913,0.8235294117647058,28,0.0,False,primary_disconnected|three_slice_smoothed_central_minimum_is_zero
434,missing,False,y,18.0,18.0,3.0,1.0,17.0,3.0,2.0,False,0.29203539823,0.106194690265,1765,1514,1514,0.2814159292035398,0.0,0.0,0.0,0.5157232704402516,0.1407079646017699,0.45454545454545453,15,0.106194690265,True,primary_disconnected|three_slice_smoothed_central_minimum_is_zero
846,missing,False,y,18.0,16.0,7.0,1.0,15.0,7.0,2.0,False,0.345132743363,0.309734513274,2246,1700,1700,0.31327433628318585,0.0,0.0,0.0,0.4396507447354905,0.15663716814159293,0.3939393939393939,13,0.309734513274,True,primary_disconnected|three_slice_smoothed_central_minimum_is_zero
946,missing,False,y,18.0,6.0,9.0,1.0,5.0,9.0,2.0,False,0.0,0.0,0,0,0,0.0,0.0,0.0,,1.0,0.0,0.0,0,0.0,False,primary_disconnected|three_slice_smoothed_central_minimum_is_zero
1088,missing,False,y,18.0,16.0,9.0,1.0,17.0,9.0,2.0,False,0.384955752212,0.0,2352,0,0,0.34690265486725663,0.0,0.0,0.0,0.44820655534941256,0.17345132743362832,0.30303030303030304,10,0.0,False,primary_disconnected|three_slice_smoothed_central_minimum_is_zero
1310,missing,False,y,18.0,16.0,11.0,1.0,17.0,12.0,1.0,False,0.0,0.0,0,0,0,0.0,0.0,0.0,,1.0,0.0,0.0,0,0.0,False,primary_disconnected|three_slice_smoothed_central_minimum_is_zero
1475,missing,False,y,18.0,14.0,12.0,2.0,13.0,12.0,1.0,False,0.0353982300885,0.398230088496,1620,2352,1620,0.36814159292035403,0.0,0.0,0.0,0.5101981351981353,0.18407079646017702,0.45454545454545453,15,0.0353982300885,False,primary_disconnected|three_slice_smoothed_central_minimum_is_zero
1666,missing,False,y,18.0,10.0,16.0,2.0,10.0,15.0,1.0,False,0.0,0.0,0,0,0,0.0,0.0,0.0,,1.0,0.0,0.0,0,0.0,False,primary_disconnected|three_slice_smoothed_central_minimum_is_zero
1728,missing,False,y,18.0,15.0,14.0,1.0,16.0,15.0,1.0,False,0.0,0.0,0,0,0,0.0,0.0,0.0,,1.0,0.0,0.0,0,0.0,False,primary_disconnected|three_slice_smoothed_central_minimum_is_zero
1766,missing,True,y,18.0,0.0,18.0,2.0,0.0,17.0,1.0,False,0.0,0.194690265487,0,1794,0,0.24424778761061947,0.0,0.0,0.0,0.5406236275801493,0.12212389380530973,0.48484848484848486,16,0.0,False,primary_disconnected|three_slice_smoothed_central_minimum_is_zero
1772,missing,True,y,18.0,2.0,18.0,0.0,1.0,18.0,1.0,False,0.0,0.0,0,0,0,0.0,0.0,0.0,,1.0,0.0,0.0,0,0.0,False,primary_disconnected|three_slice_smoothed_central_minimum_is_zero
1773,missing,True,y,18.0,0.0,18.0,0.0,1.0,18.0,1.0,False,0.0,0.0,0,0,0,0.0,0.0,0.0,,1.0,0.0,0.0,0,0.0,False,primary_disconnected|three_slice_smoothed_central_minimum_is_zero
1774,missing,True,y,18.0,0.0,18.0,2.0,1.0,18.0,1.0,False,0.0,0.0,0,0,0,0.0,0.0,0.0,,1.0,0.0,0.0,0,0.0,False,primary_disconnected|three_slice_smoothed_central_minimum_is_zero
1775,missing,True,y,18.0,2.0,18.0,2.0,1.0,18.0,1.0,False,0.0,0.0,0,0,0,0.0,0.0,0.0,,1.0,0.0,0.0,0,0.0,False,primary_disconnected|three_slice_smoothed_central_minimum_is_zero
1800,missing,True,y,18.0,4.0,18.0,0.0,3.0,18.0,1.0,False,0.0,0.0,0,0,0,0.0,0.0,0.0,,1.0,0.0,0.0,0,0.0,False,primary_disconnected|three_slice_smoothed_central_minimum_is_zero
1801,missing,True,y,18.0,2.0,18.0,0.0,3.0,18.0,1.0,False,0.0,0.0,0,0,0,0.0,0.0,0.0,,1.0,0.0,0.0,0,0.0,False,primary_disconnected|three_slice_smoothed_central_minimum_is_zero
1802,missing,True,y,18.0,2.0,18.0,2.0,3.0,18.0,1.0,False,0.0,0.0,0,0,0,0.0,0.0,0.0,,1.0,0.0,0.0,0,0.0,False,primary_disconnected|three_slice_smoothed_central_minimum_is_zero
1803,missing,True,y,18.0,4.0,18.0,2.0,3.0,18.0,1.0,False,0.0,0.0,0,0,0,0.0,0.0,0.0,,1.0,0.0,0.0,0,0.0,False,primary_disconnected|three_slice_smoothed_central_minimum_is_zero
1828,missing,True,y,18.0,6.0,18.0,0.0,5.0,18.0,1.0,False,0.0,0.0,0,0,0,0.0,0.0,0.0,,1.0,0.0,0.0,0,0.0,False,primary_disconnected|three_slice_smoothed_central_minimum_is_zero
1829,missing,True,y,18.0,4.0,18.0,0.0,5.0,18.0,1.0,False,0.0,0.0,0,0,0,0.0,0.0,0.0,,1.0,0.0,0.0,0,0.0,False,primary_disconnected|three_slice_smoothed_central_minimum_is_zero
1830,missing,True,y,18.0,4.0,18.0,2.0,5.0,18.0,1.0,False,0.0,0.0,0,0,0,0.0,0.0,0.0,,1.0,0.0,0.0,0,0.0,False,primary_disconnected|three_slice_smoothed_central_minimum_is_zero
1831,missing,True,y,18.0,6.0,18.0,2.0,5.0,18.0,1.0,False,0.0,0.0,0,0,0,0.0,0.0,0.0,,1.0,0.0,0.0,0,0.0,False,primary_disconnected|three_slice_smoothed_central_minimum_is_zero
1856,missing,True,y,18.0,8.0,18.0,0.0,7.0,18.0,1.0,False,0.0221238938053,0.0796460176991,0,0,0,0.0,0.0,0.0,,1.0,0.0,0.0,0,0.0221238938053,False,primary_disconnected|three_slice_smoothed_central_minimum_is_zero
1857,missing,True,y,18.0,6.0,18.0,0.0,7.0,18.0,1.0,False,0.0,0.137168141593,0,0,0,0.0,0.0,0.0,,1.0,0.0,0.0,0,0.0,False,primary_disconnected|three_slice_smoothed_central_minimum_is_zero
1858,missing,True,y,18.0,6.0,18.0,2.0,7.0,18.0,1.0,False,0.0,0.0,0,0,0,0.0,0.0,0.0,,1.0,0.0,0.0,0,0.0,False,primary_disconnected|three_slice_smoothed_central_minimum_is_zero
1859,missing,True,y,18.0,8.0,18.0,2.0,7.0,18.0,1.0,False,0.0,0.0,0,0,0,0.0,0.0,0.0,,1.0,0.0,0.0,0,0.0,False,primary_disconnected|three_slice_smoothed_central_minimum_is_zero
1884,missing,True,y,18.0,10.0,18.0,0.0,9.0,18.0,1.0,False,0.0,0.0,0,0,0,0.0,0.0,0.0,,1.0,0.0,0.0,0,0.0,False,primary_disconnected|three_slice_smoothed_central_minimum_is_zero
1885,missing,True,y,18.0,8.0,18.0,0.0,9.0,18.0,1.0,False,0.0,0.0,0,0,0,0.0,0.0,0.0,,1.0,0.0,0.0,0,0.0,False,primary_disconnected|three_slice_smoothed_central_minimum_is_zero
1886,missing,True,y,18.0,8.0,18.0,2.0,9.0,18.0,1.0,False,0.0,0.0,0,0,0,0.0,0.0,0.0,,1.0,0.0,0.0,0,0.0,False,primary_disconnected|three_slice_smoothed_central_minimum_is_zero
1887,missing,True,y,18.0,10.0,18.0,2.0,9.0,18.0,1.0,False,0.0,0.0,0,0,0,0.0,0.0,0.0,,1.0,0.0,0.0,0,0.0,False,primary_disconnected|three_slice_smoothed_central_minimum_is_zero
1912,missing,True,y,18.0,12.0,18.0,0.0,11.0,18.0,1.0,False,0.0309734513274,0.0,824,0,0,0.0,0.0,0.0,,1.0,0.0,0.0,0,0.0,False,primary_disconnected|three_slice_smoothed_central_minimum_is_zero
1913,missing,True,y,18.0,10.0,18.0,0.0,11.0,18.0,1.0,False,0.00442477876106,0.203539823009,926,0,0,0.0,0.0,0.0,,1.0,0.0,0.0,0,0.00442477876106,False,primary_disconnected|three_slice_smoothed_central_minimum_is_zero
1914,missing,True,y,18.0,10.0,18.0,2.0,11.0,18.0,1.0,False,0.0,0.176991150442,0,0,0,0.0,0.0,0.0,,1.0,0.0,0.0,0,0.0,False,primary_disconnected|three_slice_smoothed_central_minimum_is_zero
1915,missing,True,y,18.0,12.0,18.0,2.0,11.0,18.0,1.0,False,0.0,0.0,0,0,0,0.0,0.0,0.0,,1.0,0.0,0.0,0,0.0,False,primary_disconnected|three_slice_smoothed_central_minimum_is_zero
1940,missing,True,y,18.0,14.0,18.0,0.0,13.0,18.0,1.0,False,0.0442477876106,0.0,0,0,0,0.0,0.0,0.0,,1.0,0.0,0.0,0,0.0,False,primary_disconnected|three_slice_smoothed_central_minimum_is_zero
1941,missing,True,y,18.0,12.0,18.0,0.0,13.0,18.0,1.0,False,0.0,0.181415929204,0,0,0,0.0,0.0,0.0,,1.0,0.0,0.0,0,0.0,False,primary_disconnected|three_slice_smoothed_central_minimum_is_zero
1942,missing,True,y,18.0,12.0,18.0,2.0,13.0,18.0,1.0,False,0.0,0.159292035398,0,0,0,0.0,0.0,0.0,,1.0,0.0,0.0,0,0.0,False,primary_disconnected|three_slice_smoothed_central_minimum_is_zero
1943,missing,True,y,18.0,14.0,18.0,2.0,13.0,18.0,1.0,False,0.0,0.0,0,0,0,0.0,0.0,0.0,,1.0,0.0,0.0,0,0.0,False,primary_disconnected|three_slice_smoothed_central_minimum_is_zero
1968,missing,True,y,18.0,16.0,18.0,0.0,15.0,18.0,1.0,False,0.0973451327434,0.0,0,0,0,0.0,0.0,0.0,,1.0,0.0,0.0,0,0.0,False,primary_disconnected|three_slice_smoothed_central_minimum_is_zero
1969,missing,True,y,18.0,14.0,18.0,0.0,15.0,18.0,1.0,False,0.0,0.185840707965,0,0,0,0.0,0.0,0.0,,1.0,0.0,0.0,0,0.0,False,primary_disconnected|three_slice_smoothed_central_minimum_is_zero
1970,missing,True,y,18.0,14.0,18.0,2.0,15.0,18.0,1.0,False,0.0,0.154867256637,0,0,0,0.0,0.0,0.0,,1.0,0.0,0.0,0,0.0,False,primary_disconnected|three_slice_smoothed_central_minimum_is_zero
1971,missing,True,y,18.0,16.0,18.0,2.0,15.0,18.0,1.0,False,0.0,0.0,0,0,0,0.0,0.0,0.0,,1.0,0.0,0.0,0,0.0,False,primary_disconnected|three_slice_smoothed_central_minimum_is_zero
2000,missing,True,y,18.0,18.0,18.0,0.0,17.0,18.0,1.0,False,0.00442477876106,0.0,0,0,0,0.0,0.0,0.0,,1.0,0.0,0.0,0,0.0,False,primary_disconnected|three_slice_smoothed_central_minimum_is_zero
2001,missing,True,y,18.0,16.0,18.0,0.0,17.0,18.0,1.0,False,0.0,0.216814159292,0,0,0,0.0,0.0,0.0,,1.0,0.0,0.0,0,0.0,False,primary_disconnected|three_slice_smoothed_central_minimum_is_zero
2002,missing,True,y,18.0,16.0,18.0,2.0,17.0,18.0,1.0,False,0.0,0.20796460177,0,0,0,0.0,0.0,0.0,,1.0,0.0,0.0,0,0.0,False,primary_disconnected|three_slice_smoothed_central_minimum_is_zero
2003,missing,True,y,18.0,18.0,18.0,2.0,17.0,18.0,1.0,False,0.0265486725664,0.0,0,0,0,0.0,0.0,0.0,,1.0,0.0,0.0,0,0.0,False,primary_disconnected|three_slice_smoothed_central_minimum_is_zero
2061,missing,False,y,18.0,3.0,0.0,3.0,3.0,1.0,4.0,False,0.234513274336,0.212389380531,1914,1669,1669,0.25486725663716814,0.0,0.0,0.0,0.2664141414141414,0.12743362831858407,0.24242424242424243,8,0.212389380531,True,primary_disconnected|three_slice_smoothed_central_minimum_is_zero
2074,missing,False,y,18.0,4.0,0.0,4.0,5.0,0.0,3.0,False,0.287610619469,0.252212389381,1487,1955,1487,0.24778761061946902,0.0,0.0,0.0,0.45346320346320346,0.12389380530973451,0.48484848484848486,16,0.252212389381,True,primary_disconnected|three_slice_smoothed_central_minimum_is_zero
2251,missing,False,y,18.0,0.0,3.0,3.0,1.0,2.0,3.0,False,0.0,0.0,0,0,0,0.0,0.0,0.0,,1.0,0.0,0.0,0,0.0,False,primary_disconnected|three_slice_smoothed_central_minimum_is_zero
2289,missing,False,y,18.0,4.0,4.0,2.0,4.0,3.0,3.0,False,0.0,0.0,0,0,0,0.0,0.0,0.0,,1.0,0.0,0.0,0,0.0,False,primary_disconnected|three_slice_smoothed_central_minimum_is_zero
2303,missing,False,y,18.0,5.0,2.0,3.0,5.0,3.0,2.0,False,0.0,0.0,0,0,0,0.0,0.0,0.0,,1.0,0.0,0.0,0,0.0,False,primary_disconnected|three_slice_smoothed_central_minimum_is_zero
2359,missing,False,y,18.0,10.0,4.0,2.0,11.0,3.0,2.0,False,0.0,0.0,0,0,0,0.0,0.0,0.0,,1.0,0.0,0.0,0,0.0,False,primary_disconnected|three_slice_smoothed_central_minimum_is_zero
2640,missing,False,y,18.0,16.0,5.0,3.0,15.0,5.0,2.0,False,0.33185840708,0.389380530973,1760,2156,1760,0.3185840707964602,0.0,0.0,0.0,0.4638047138047138,0.1592920353982301,0.42424242424242425,14,0.33185840708,True,primary_disconnected|three_slice_smoothed_central_minimum_is_zero
2931,missing,False,y,18.0,4.0,8.0,4.0,3.0,8.0,3.0,False,0.0,0.309734513274,0,2239,0,0.31504424778761064,0.0,0.0,0.0,0.489785495403473,0.15752212389380532,0.42424242424242425,14,0.0,False,primary_disconnected|three_slice_smoothed_central_minimum_is_zero
3256,missing,False,y,18.0,11.0,10.0,3.0,12.0,11.0,3.0,False,0.0,0.0,0,0,0,0.0,0.0,0.0,,1.0,0.0,0.0,0,0.0,False,primary_disconnected|three_slice_smoothed_central_minimum_is_zero
3779,missing,True,y,18.0,0.0,18.0,2.0,1.0,17.0,2.0,False,0.0,0.0,0,0,0,0.0,0.0,0.0,,1.0,0.0,0.0,0,0.0,False,primary_disconnected|three_slice_smoothed_central_minimum_is_zero
3781,missing,True,y,18.0,0.0,18.0,2.0,0.0,17.0,3.0,False,0.0,0.0353982300885,0,1358,0,0.0,0.0,0.0,,1.0,0.0,0.0,0,0.0,False,primary_disconnected|three_slice_smoothed_central_minimum_is_zero
3788,missing,True,y,18.0,2.0,18.0,2.0,1.0,18.0,3.0,False,0.0,0.0,0,0,0,0.0,0.0,0.0,,1.0,0.0,0.0,0,0.0,False,primary_disconnected|three_slice_smoothed_central_minimum_is_zero
3789,missing,True,y,18.0,0.0,18.0,2.0,1.0,18.0,3.0,False,0.0,0.0,0,0,0,0.0,0.0,0.0,,1.0,0.0,0.0,0,0.0,False,primary_disconnected|three_slice_smoothed_central_minimum_is_zero
3790,missing,True,y,18.0,0.0,18.0,4.0,1.0,18.0,3.0,False,0.0,0.0,0,0,0,0.0,0.0,0.0,,1.0,0.0,0.0,0,0.0,False,primary_disconnected|three_slice_smoothed_central_minimum_is_zero
3791,missing,True,y,18.0,2.0,18.0,4.0,1.0,18.0,3.0,False,0.0,0.0,0,0,0,0.0,0.0,0.0,,1.0,0.0,0.0,0,0.0,False,primary_disconnected|three_slice_smoothed_central_minimum_is_zero
3816,missing,True,y,18.0,4.0,18.0,2.0,3.0,18.0,3.0,False,0.0,0.0,0,0,0,0.0,0.0,0.0,,1.0,0.0,0.0,0,0.0,False,primary_disconnected|three_slice_smoothed_central_minimum_is_zero
3817,missing,True,y,18.0,2.0,18.0,2.0,3.0,18.0,3.0,False,0.0,0.0,0,0,0,0.0,0.0,0.0,,1.0,0.0,0.0,0,0.0,False,primary_disconnected|three_slice_smoothed_central_minimum_is_zero
3818,missing,True,y,18.0,2.0,18.0,4.0,3.0,18.0,3.0,False,0.0,0.0,0,0,0,0.0,0.0,0.0,,1.0,0.0,0.0,0,0.0,False,primary_disconnected|three_slice_smoothed_central_minimum_is_zero
3819,missing,True,y,18.0,4.0,18.0,4.0,3.0,18.0,3.0,False,0.0,0.0,0,0,0,0.0,0.0,0.0,,1.0,0.0,0.0,0,0.0,False,primary_disconnected|three_slice_smoothed_central_minimum_is_zero
3844,missing,True,y,18.0,6.0,18.0,2.0,5.0,18.0,3.0,False,0.0,0.0,0,0,0,0.0,0.0,0.0,,1.0,0.0,0.0,0,0.0,False,primary_disconnected|three_slice_smoothed_central_minimum_is_zero
3845,missing,True,y,18.0,4.0,18.0,2.0,5.0,18.0,3.0,False,0.0,0.0,0,0,0,0.0,0.0,0.0,,1.0,0.0,0.0,0,0.0,False,primary_disconnected|three_slice_smoothed_central_minimum_is_zero
3846,missing,True,y,18.0,4.0,18.0,4.0,5.0,18.0,3.0,False,0.0,0.0,0,0,0,0.0,0.0,0.0,,1.0,0.0,0.0,0,0.0,False,primary_disconnected|three_slice_smoothed_central_minimum_is_zero
3847,missing,True,y,18.0,6.0,18.0,4.0,5.0,18.0,3.0,False,0.0,0.0,0,0,0,0.0,0.0,0.0,,1.0,0.0,0.0,0,0.0,False,primary_disconnected|three_slice_smoothed_central_minimum_is_zero
3872,missing,True,y,18.0,8.0,18.0,2.0,7.0,18.0,3.0,False,0.0,0.0,0,0,0,0.0,0.0,0.0,,1.0,0.0,0.0,0,0.0,False,primary_disconnected|three_slice_smoothed_central_minimum_is_zero
3873,missing,True,y,18.0,6.0,18.0,2.0,7.0,18.0,3.0,False,0.0,0.0,0,0,0,0.0,0.0,0.0,,1.0,0.0,0.0,0,0.0,False,primary_disconnected|three_slice_smoothed_central_minimum_is_zero
3874,missing,True,y,18.0,6.0,18.0,4.0,7.0,18.0,3.0,False,0.0,0.0,0,0,0,0.0,0.0,0.0,,1.0,0.0,0.0,0,0.0,False,primary_disconnected|three_slice_smoothed_central_minimum_is_zero
3875,missing,True,y,18.0,8.0,18.0,4.0,7.0,18.0,3.0,False,0.0,0.0,0,0,0,0.0,0.0,0.0,,1.0,0.0,0.0,0,0.0,False,primary_disconnected|three_slice_smoothed_central_minimum_is_zero
3900,missing,True,y,18.0,10.0,18.0,2.0,9.0,18.0,3.0,False,0.0,0.0,0,0,0,0.0,0.0,0.0,,1.0,0.0,0.0,0,0.0,False,primary_disconnected|three_slice_smoothed_central_minimum_is_zero
3901,missing,True,y,18.0,8.0,18.0,2.0,9.0,18.0,3.0,False,0.0,0.0,0,0,0,0.0,0.0,0.0,,1.0,0.0,0.0,0,0.0,False,primary_disconnected|three_slice_smoothed_central_minimum_is_zero
3902,missing,True,y,18.0,8.0,18.0,4.0,9.0,18.0,3.0,False,0.0,0.0,0,0,0,0.0,0.0,0.0,,1.0,0.0,0.0,0,0.0,False,primary_disconnected|three_slice_smoothed_central_minimum_is_zero
3903,missing,True,y,18.0,10.0,18.0,4.0,9.0,18.0,3.0,False,0.0,0.0,0,0,0,0.0,0.0,0.0,,1.0,0.0,0.0,0,0.0,False,primary_disconnected|three_slice_smoothed_central_minimum_is_zero
3928,missing,True,y,18.0,12.0,18.0,2.0,11.0,18.0,3.0,False,0.0,0.0,0,0,0,0.0,0.0,0.0,,1.0,0.0,0.0,0,0.0,False,primary_disconnected|three_slice_smoothed_central_minimum_is_zero
3929,missing,True,y,18.0,10.0,18.0,2.0,11.0,18.0,3.0,False,0.0,0.0,0,0,0,0.0,0.0,0.0,,1.0,0.0,0.0,0,0.0,False,primary_disconnected|three_slice_smoothed_central_minimum_is_zero
3930,missing,True,y,18.0,10.0,18.0,4.0,11.0,18.0,3.0,False,0.0,0.0,0,0,0,0.0,0.0,0.0,,1.0,0.0,0.0,0,0.0,False,primary_disconnected|three_slice_smoothed_central_minimum_is_zero
3931,missing,True,y,18.0,12.0,18.0,4.0,11.0,18.0,3.0,False,0.0,0.0,0,0,0,0.0,0.0,0.0,,1.0,0.0,0.0,0,0.0,False,primary_disconnected|three_slice_smoothed_central_minimum_is_zero
3956,missing,True,y,18.0,14.0,18.0,2.0,13.0,18.0,3.0,False,0.0,0.0,0,0,0,0.0,0.0,0.0,,1.0,0.0,0.0,0,0.0,False,primary_disconnected|three_slice_smoothed_central_minimum_is_zero
3957,missing,True,y,18.0,12.0,18.0,2.0,13.0,18.0,3.0,False,0.0,0.0,0,0,0,0.0,0.0,0.0,,1.0,0.0,0.0,0,0.0,False,primary_disconnected|three_slice_smoothed_central_minimum_is_zero
3958,missing,True,y,18.0,12.0,18.0,4.0,13.0,18.0,3.0,False,0.0,0.0,0,0,0,0.0,0.0,0.0,,1.0,0.0,0.0,0,0.0,False,primary_disconnected|three_slice_smoothed_central_minimum_is_zero
3959,missing,True,y,18.0,14.0,18.0,4.0,13.0,18.0,3.0,False,0.0,0.0,0,0,0,0.0,0.0,0.0,,1.0,0.0,0.0,0,0.0,False,primary_disconnected|three_slice_smoothed_central_minimum_is_zero
3984,missing,True,y,18.0,16.0,18.0,2.0,15.0,18.0,3.0,False,0.0,0.0,0,0,0,0.0,0.0,0.0,,1.0,0.0,0.0,0,0.0,False,primary_disconnected|three_slice_smoothed_central_minimum_is_zero
3985,missing,True,y,18.0,14.0,18.0,2.0,15.0,18.0,3.0,False,0.0,0.0,0,0,0,0.0,0.0,0.0,,1.0,0.0,0.0,0,0.0,False,primary_disconnected|three_slice_smoothed_central_minimum_is_zero
3986,missing,True,y,18.0,14.0,18.0,4.0,15.0,18.0,3.0,False,0.0,0.0,0,0,0,0.0,0.0,0.0,,1.0,0.0,0.0,0,0.0,False,primary_disconnected|three_slice_smoothed_central_minimum_is_zero
3987,missing,True,y,18.0,16.0,18.0,4.0,15.0,18.0,3.0,False,0.0,0.0,0,0,0,0.0,0.0,0.0,,1.0,0.0,0.0,0,0.0,False,primary_disconnected|three_slice_smoothed_central_minimum_is_zero
4016,missing,True,y,18.0,18.0,18.0,2.0,17.0,18.0,3.0,False,0.0,0.0,0,0,0,0.0,0.0,0.0,,1.0,0.0,0.0,0,0.0,False,primary_disconnected|three_slice_smoothed_central_minimum_is_zero
4017,missing,True,y,18.0,16.0,18.0,2.0,17.0,18.0,3.0,False,0.0,0.154867256637,0,0,0,0.0,0.0,0.0,,1.0,0.0,0.0,0,0.0,False,primary_disconnected|three_slice_smoothed_central_minimum_is_zero
4018,missing,True,y,18.0,16.0,18.0,4.0,17.0,18.0,3.0,False,0.0,0.188790560472,0,0,0,0.0,0.0,0.0,,1.0,0.0,0.0,0,0.0,False,primary_disconnected|three_slice_smoothed_central_minimum_is_zero
4019,missing,True,y,18.0,18.0,18.0,4.0,17.0,18.0,3.0,False,0.0221238938053,0.0,0,0,0,0.0,0.0,0.0,,1.0,0.0,0.0,0,0.0,False,primary_disconnected|three_slice_smoothed_central_minimum_is_zero
4057,missing,False,y,18.0,4.0,0.0,4.0,3.0,1.0,4.0,False,0.20796460177,0.0,1993,0,0,0.21238938053097345,0.0,0.0,0.0,0.22601010101010097,0.10619469026548672,0.12121212121212122,4,0.0,False,primary_disconnected|three_slice_smoothed_central_minimum_is_zero
4101,missing,False,y,18.0,5.0,0.0,5.0,5.0,1.0,6.0,False,0.0,0.0,0,0,0,0.0,0.0,0.0,,1.0,0.0,0.0,0,0.0,False,primary_disconnected|three_slice_smoothed_central_minimum_is_zero
4215,missing,False,y,18.0,14.0,1.0,5.0,15.0,0.0,5.0,False,0.0383480825959,0.153392330383,1513,1763,1513,0.1743362831858407,0.0,0.0,0.0,0.38817557479844733,0.08716814159292036,0.3235294117647059,11,0.0383480825959,False,primary_disconnected|three_slice_smoothed_central_minimum_is_zero
4221,missing,False,y,18.0,15.0,0.0,5.0,15.0,1.0,6.0,False,0.185840707965,0.0796460176991,1604,1670,1604,0.168141592920354,0.0,0.0,0.0,0.6124401913875598,0.084070796460177,0.6060606060606061,20,0.0796460176991,True,primary_disconnected|three_slice_smoothed_central_minimum_is_zero
4340,missing,False,y,18.0,8.0,3.0,5.0,7.0,3.0,4.0,False,0.305309734513,0.150442477876,2130,1523,1523,0.26548672566371684,0.0,0.0,0.0,0.4909090909090909,0.13274336283185842,0.5454545454545454,18,0.150442477876,True,primary_disconnected|three_slice_smoothed_central_minimum_is_zero
4495,missing,False,y,18.0,1.0,6.0,5.0,1.0,5.0,4.0,False,0.0,0.0,0,0,0,0.0,0.0,0.0,,1.0,0.0,0.0,0,0.0,False,primary_disconnected|three_slice_smoothed_central_minimum_is_zero
4661,missing,False,y,18.0,15.0,4.0,5.0,15.0,5.0,6.0,False,0.0,0.0,0,0,0,0.0,0.0,0.0,,1.0,0.0,0.0,0,0.0,False,primary_disconnected|three_slice_smoothed_central_minimum_is_zero
4747,missing,False,y,18.0,4.0,6.0,6.0,4.0,7.0,5.0,False,0.0,0.0,0,0,0,0.0,0.0,0.0,,1.0,0.0,0.0,0,0.0,False,primary_disconnected|three_slice_smoothed_central_minimum_is_zero
4752,missing,False,y,18.0,4.0,7.0,5.0,5.0,7.0,6.0,False,0.0,0.0,0,0,0,0.0,0.0,0.0,,1.0,0.0,0.0,0,0.0,False,primary_disconnected|three_slice_smoothed_central_minimum_is_zero
4923,missing,False,y,18.0,2.0,8.0,6.0,1.0,8.0,5.0,False,0.200589970501,0.283185840708,1563,1980,1563,0.2920353982300885,0.0,0.0,0.0,0.5106951871657754,0.14601769911504425,0.47058823529411764,16,0.200589970501,True,primary_disconnected|three_slice_smoothed_central_minimum_is_zero
4931,missing,False,y,18.0,1.0,8.0,5.0,1.0,9.0,4.0,False,0.0,0.0,0,0,0,0.0,0.0,0.0,,1.0,0.0,0.0,0,0.0,False,primary_disconnected|three_slice_smoothed_central_minimum_is_zero
5066,missing,False,y,18.0,12.0,8.0,6.0,13.0,8.0,5.0,False,0.0,0.0,0,0,0,0.0,0.0,0.0,,1.0,0.0,0.0,0,0.0,False,primary_disconnected|three_slice_smoothed_central_minimum_is_zero
5116,missing,False,y,18.0,16.0,8.0,4.0,17.0,8.0,5.0,False,0.371681415929,0.216814159292,2173,1663,1663,0.3380530973451327,0.0,0.0,0.0,0.5146755513247658,0.16902654867256636,0.5757575757575758,19,0.216814159292,True,primary_disconnected|three_slice_smoothed_central_minimum_is_zero
5140,missing,False,y,18.0,0.0,10.0,4.0,1.0,10.0,5.0,False,0.29203539823,0.314159292035,1648,1789,1648,0.2814159292035398,0.0,0.0,0.0,0.40804269106155894,0.1407079646017699,0.3333333333333333,11,0.29203539823,True,primary_disconnected|three_slice_smoothed_central_minimum_is_zero
5223,missing,False,y,18.0,7.0,10.0,5.0,7.0,11.0,4.0,False,0.0,0.0,0,0,0,0.0,0.0,0.0,,1.0,0.0,0.0,0,0.0,False,primary_disconnected|three_slice_smoothed_central_minimum_is_zero
5621,missing,False,y,18.0,6.0,14.0,4.0,5.0,15.0,4.0,False,0.0,0.0,0,0,0,0.0,0.0,0.0,,1.0,0.0,0.0,0,0.0,False,primary_disconnected|three_slice_smoothed_central_minimum_is_zero
5798,missing,True,y,18.0,0.0,18.0,6.0,0.0,17.0,5.0,False,0.0,0.200589970501,0,1832,0,0.21238938053097345,0.0,0.0,0.0,0.38725490196078427,0.10619469026548672,0.29411764705882354,10,0.0,False,primary_disconnected|three_slice_smoothed_central_minimum_is_zero
5804,missing,True,y,18.0,2.0,18.0,4.0,1.0,18.0,5.0,False,0.0,0.0,0,0,0,0.0,0.0,0.0,,1.0,0.0,0.0,0,0.0,False,primary_disconnected|three_slice_smoothed_central_minimum_is_zero
5805,missing,True,y,18.0,0.0,18.0,4.0,1.0,18.0,5.0,False,0.0,0.0,0,0,0,0.0,0.0,0.0,,1.0,0.0,0.0,0,0.0,False,primary_disconnected|three_slice_smoothed_central_minimum_is_zero
5806,missing,True,y,18.0,0.0,18.0,6.0,1.0,18.0,5.0,False,0.0,0.0,0,0,0,0.0,0.0,0.0,,1.0,0.0,0.0,0,0.0,False,primary_disconnected|three_slice_smoothed_central_minimum_is_zero
5807,missing,True,y,18.0,2.0,18.0,6.0,1.0,18.0,5.0,False,0.0,0.0,0,0,0,0.0,0.0,0.0,,1.0,0.0,0.0,0,0.0,False,primary_disconnected|three_slice_smoothed_central_minimum_is_zero
5823,missing,True,y,18.0,2.0,18.0,4.0,3.0,17.0,4.0,False,0.0,0.0,0,0,0,0.0,0.0,0.0,,1.0,0.0,0.0,0,0.0,False,primary_disconnected|three_slice_smoothed_central_minimum_is_zero
5832,missing,True,y,18.0,4.0,18.0,4.0,3.0,18.0,5.0,False,0.0,0.0,0,0,0,0.0,0.0,0.0,,1.0,0.0,0.0,0,0.0,False,primary_disconnected|three_slice_smoothed_central_minimum_is_zero
5833,missing,True,y,18.0,2.0,18.0,4.0,3.0,18.0,5.0,False,0.0,0.0,0,0,0,0.0,0.0,0.0,,1.0,0.0,0.0,0,0.0,False,primary_disconnected|three_slice_smoothed_central_minimum_is_zero
5834,missing,True,y,18.0,2.0,18.0,6.0,3.0,18.0,5.0,False,0.0,0.0,0,0,0,0.0,0.0,0.0,,1.0,0.0,0.0,0,0.0,False,primary_disconnected|three_slice_smoothed_central_minimum_is_zero
5835,missing,True,y,18.0,4.0,18.0,6.0,3.0,18.0,5.0,False,0.0,0.0,0,0,0,0.0,0.0,0.0,,1.0,0.0,0.0,0,0.0,False,primary_disconnected|three_slice_smoothed_central_minimum_is_zero
5860,missing,True,y,18.0,6.0,18.0,4.0,5.0,18.0,5.0,False,0.0,0.0,0,0,0,0.0,0.0,0.0,,1.0,0.0,0.0,0,0.0,False,primary_disconnected|three_slice_smoothed_central_minimum_is_zero
5861,missing,True,y,18.0,4.0,18.0,4.0,5.0,18.0,5.0,False,0.0,0.0,0,0,0,0.0,0.0,0.0,,1.0,0.0,0.0,0,0.0,False,primary_disconnected|three_slice_smoothed_central_minimum_is_zero
5862,missing,True,y,18.0,4.0,18.0,6.0,5.0,18.0,5.0,False,0.0,0.0,0,0,0,0.0,0.0,0.0,,1.0,0.0,0.0,0,0.0,False,primary_disconnected|three_slice_smoothed_central_minimum_is_zero
5863,missing,True,y,18.0,6.0,18.0,6.0,5.0,18.0,5.0,False,0.0,0.0,0,0,0,0.0,0.0,0.0,,1.0,0.0,0.0,0,0.0,False,primary_disconnected|three_slice_smoothed_central_minimum_is_zero
5888,missing,True,y,18.0,8.0,18.0,4.0,7.0,18.0,5.0,False,0.0,0.0,0,0,0,0.0,0.0,0.0,,1.0,0.0,0.0,0,0.0,False,primary_disconnected|three_slice_smoothed_central_minimum_is_zero
5889,missing,True,y,18.0,6.0,18.0,4.0,7.0,18.0,5.0,False,0.0,0.0,0,0,0,0.0,0.0,0.0,,1.0,0.0,0.0,0,0.0,False,primary_disconnected|three_slice_smoothed_central_minimum_is_zero
5890,missing,True,y,18.0,6.0,18.0,6.0,7.0,18.0,5.0,False,0.0,0.0,0,0,0,0.0,0.0,0.0,,1.0,0.0,0.0,0,0.0,False,primary_disconnected|three_slice_smoothed_central_minimum_is_zero
5891,missing,True,y,18.0,8.0,18.0,6.0,7.0,18.0,5.0,False,0.0,0.0,0,0,0,0.0,0.0,0.0,,1.0,0.0,0.0,0,0.0,False,primary_disconnected|three_slice_smoothed_central_minimum_is_zero
5916,missing,True,y,18.0,10.0,18.0,4.0,9.0,18.0,5.0,False,0.0,0.0,0,0,0,0.0,0.0,0.0,,1.0,0.0,0.0,0,0.0,False,primary_disconnected|three_slice_smoothed_central_minimum_is_zero
5917,missing,True,y,18.0,8.0,18.0,4.0,9.0,18.0,5.0,False,0.0,0.0,0,0,0,0.0,0.0,0.0,,1.0,0.0,0.0,0,0.0,False,primary_disconnected|three_slice_smoothed_central_minimum_is_zero
5918,missing,True,y,18.0,8.0,18.0,6.0,9.0,18.0,5.0,False,0.0,0.0,0,0,0,0.0,0.0,0.0,,1.0,0.0,0.0,0,0.0,False,primary_disconnected|three_slice_smoothed_central_minimum_is_zero
5919,missing,True,y,18.0,10.0,18.0,6.0,9.0,18.0,5.0,False,0.0,0.0,0,0,0,0.0,0.0,0.0,,1.0,0.0,0.0,0,0.0,False,primary_disconnected|three_slice_smoothed_central_minimum_is_zero
5944,missing,True,y,18.0,12.0,18.0,4.0,11.0,18.0,5.0,False,0.0,0.0,0,0,0,0.0,0.0,0.0,,1.0,0.0,0.0,0,0.0,False,primary_disconnected|three_slice_smoothed_central_minimum_is_zero
5945,missing,True,y,18.0,10.0,18.0,4.0,11.0,18.0,5.0,False,0.0,0.0,0,0,0,0.0,0.0,0.0,,1.0,0.0,0.0,0,0.0,False,primary_disconnected|three_slice_smoothed_central_minimum_is_zero
5946,missing,True,y,18.0,10.0,18.0,6.0,11.0,18.0,5.0,False,0.00442477876106,0.0,0,0,0,0.0,0.0,0.0,,1.0,0.0,0.0,0,0.0,False,primary_disconnected|three_slice_smoothed_central_minimum_is_zero
5947,missing,True,y,18.0,12.0,18.0,6.0,11.0,18.0,5.0,False,0.0,0.0,0,0,0,0.0,0.0,0.0,,1.0,0.0,0.0,0,0.0,False,primary_disconnected|three_slice_smoothed_central_minimum_is_zero
5972,missing,True,y,18.0,14.0,18.0,4.0,13.0,18.0,5.0,False,0.0,0.0,0,0,0,0.0,0.0,0.0,,1.0,0.0,0.0,0,0.0,False,primary_disconnected|three_slice_smoothed_central_minimum_is_zero
5973,missing,True,y,18.0,12.0,18.0,4.0,13.0,18.0,5.0,False,0.0,0.0,0,0,0,0.0,0.0,0.0,,1.0,0.0,0.0,0,0.0,False,primary_disconnected|three_slice_smoothed_central_minimum_is_zero
5974,missing,True,y,18.0,12.0,18.0,6.0,13.0,18.0,5.0,False,0.0,0.0,0,0,0,0.0,0.0,0.0,,1.0,0.0,0.0,0,0.0,False,primary_disconnected|three_slice_smoothed_central_minimum_is_zero
5975,missing,True,y,18.0,14.0,18.0,6.0,13.0,18.0,5.0,False,0.0,0.0,0,0,0,0.0,0.0,0.0,,1.0,0.0,0.0,0,0.0,False,primary_disconnected|three_slice_smoothed_central_minimum_is_zero
6000,missing,True,y,18.0,16.0,18.0,4.0,15.0,18.0,5.0,False,0.0,0.0,0,0,0,0.0,0.0,0.0,,1.0,0.0,0.0,0,0.0,False,primary_disconnected|three_slice_smoothed_central_minimum_is_zero
6001,missing,True,y,18.0,14.0,18.0,4.0,15.0,18.0,5.0,False,0.0,0.181415929204,0,0,0,0.0,0.0,0.0,,1.0,0.0,0.0,0,0.0,False,primary_disconnected|three_slice_smoothed_central_minimum_is_zero
6002,missing,True,y,18.0,14.0,18.0,6.0,15.0,18.0,5.0,False,0.0,0.117994100295,0,0,0,0.0,0.0,0.0,,1.0,0.0,0.0,0,0.0,False,primary_disconnected|three_slice_smoothed_central_minimum_is_zero
6003,missing,True,y,18.0,16.0,18.0,6.0,15.0,18.0,5.0,False,0.230088495575,0.0,0,0,0,0.04247787610619473,0.0,0.0,0.0,0.8787878787878788,0.021238938053097366,0.8787878787878788,29,0.0,False,primary_disconnected|three_slice_smoothed_central_minimum_is_zero
6032,missing,True,y,18.0,18.0,18.0,4.0,17.0,18.0,5.0,False,0.0,0.0,0,0,0,0.0,0.0,0.0,,1.0,0.0,0.0,0,0.0,False,primary_disconnected|three_slice_smoothed_central_minimum_is_zero
6033,missing,True,y,18.0,16.0,18.0,4.0,17.0,18.0,5.0,False,0.0,0.154867256637,0,0,0,0.0,0.0,0.0,,1.0,0.0,0.0,0,0.0,False,primary_disconnected|three_slice_smoothed_central_minimum_is_zero
6034,missing,True,y,18.0,16.0,18.0,6.0,17.0,18.0,5.0,False,0.0,0.256637168142,0,0,0,0.09734513274336286,0.0,0.0,0.0,0.8567493112947658,0.04867256637168143,0.8484848484848485,28,0.0,False,primary_disconnected|three_slice_smoothed_central_minimum_is_zero
6035,missing,True,y,18.0,18.0,18.0,6.0,17.0,18.0,5.0,False,0.0309734513274,0.0,0,0,0,0.0,0.0,0.0,,1.0,0.0,0.0,0,0.0,False,primary_disconnected|three_slice_smoothed_central_minimum_is_zero
6127,missing,False,y,18.0,6.0,0.0,8.0,6.0,1.0,7.0,False,0.225663716814,0.0,1953,0,0,0.23008849557522124,0.0,0.0,0.0,0.2972027972027972,0.11504424778761062,0.21212121212121213,7,0.0,False,primary_disconnected|three_slice_smoothed_central_minimum_is_zero
6141,missing,False,y,18.0,7.0,0.0,7.0,7.0,1.0,8.0,False,0.0,0.146017699115,0,1661,0,0.15663716814159293,0.0,0.0,0.0,0.746095048188767,0.07831858407079646,0.7352941176470589,25,0.0,False,primary_disconnected|three_slice_smoothed_central_minimum_is_zero
6151,missing,False,y,18.0,8.0,0.0,8.0,8.0,1.0,7.0,False,0.0353982300885,0.234513274336,1312,1763,1312,0.21238938053097345,0.0,0.0,0.0,0.7891414141414141,0.10619469026548672,0.7878787878787878,26,0.0353982300885,False,primary_disconnected|three_slice_smoothed_central_minimum_is_zero
6166,missing,False,y,18.0,9.0,2.0,7.0,9.0,1.0,8.0,False,0.176991150442,0.0,1642,0,0,0.0061946902654867195,0.0,0.0,0.0,0.8823529411764706,0.0030973451327433598,0.8823529411764706,30,0.0,False,primary_disconnected|three_slice_smoothed_central_minimum_is_zero
6176,missing,False,y,18.0,10.0,0.0,6.0,11.0,0.0,7.0,False,0.0,0.252212389381,0,1830,0,0.23893805309734514,0.0,0.0,0.0,0.5348583877995643,0.11946902654867257,0.5,17,0.0,False,primary_disconnected|three_slice_smoothed_central_minimum_is_zero
6234,missing,False,y,18.0,16.0,1.0,7.0,15.0,1.0,8.0,False,0.0,0.0,0,0,0,0.0,0.0,0.0,,1.0,0.0,0.0,0,0.0,False,primary_disconnected|three_slice_smoothed_central_minimum_is_zero
6245,missing,False,y,18.0,16.0,2.0,6.0,16.0,1.0,7.0,False,0.243362831858,0.0,1944,0,0,0.20353982300884957,0.0,0.0,0.0,0.5915678524374176,0.10176991150442478,0.5757575757575758,19,0.0,False,primary_disconnected|three_slice_smoothed_central_minimum_is_zero
6247,missing,False,y,18.0,16.0,0.0,8.0,16.0,1.0,7.0,False,0.188790560472,0.0,1676,0,0,0.19469026548672566,0.0,0.0,0.0,0.509641873278237,0.09734513274336283,0.48484848484848486,16,0.0,False,primary_disconnected|three_slice_smoothed_central_minimum_is_zero
6254,missing,False,y,18.0,16.0,0.0,8.0,17.0,0.0,7.0,False,0.278761061947,0.323008849558,1540,1803,1540,0.32389380530973455,0.0,0.0,0.0,0.6113594966053982,0.16194690265486728,0.5757575757575758,19,0.278761061947,True,primary_disconnected|three_slice_smoothed_central_minimum_is_zero
6259,missing,False,y,18.0,16.0,1.0,7.0,17.0,0.0,7.0,False,0.00294985250737,0.0,1339,0,0,0.0,0.0,0.0,,1.0,0.0,0.0,0,0.0,False,primary_disconnected|three_slice_smoothed_central_minimum_is_zero
6265,missing,False,y,18.0,17.0,0.0,7.0,17.0,1.0,8.0,False,0.0619469026549,0.20796460177,1334,2046,1334,0.21238938053097345,0.0,0.0,0.0,0.5477941176470588,0.10619469026548672,0.5294117647058824,18,0.0619469026549,True,primary_disconnected|three_slice_smoothed_central_minimum_is_zero
6482,missing,False,y,18.0,18.0,3.0,7.0,17.0,3.0,8.0,False,0.247787610619,0.070796460177,1776,1512,1512,0.24778761061946902,0.0,0.0,0.0,0.3701298701298701,0.12389380530973451,0.3333333333333333,11,0.070796460177,True,primary_disconnected|three_slice_smoothed_central_minimum_is_zero
6670,missing,False,y,18.0,14.0,5.0,7.0,15.0,6.0,7.0,False,0.0,0.0,0,0,0,0.0,0.0,0.0,,1.0,0.0,0.0,0,0.0,False,primary_disconnected|three_slice_smoothed_central_minimum_is_zero
6692,missing,False,y,18.0,16.0,4.0,6.0,17.0,4.0,7.0,False,0.314159292035,0.0575221238938,2265,1533,1533,0.30973451327433627,0.0,0.0,0.0,0.3896103896103896,0.15486725663716813,0.3939393939393939,13,0.0575221238938,True,primary_disconnected|three_slice_smoothed_central_minimum_is_zero
6916,missing,False,y,18.0,16.0,7.0,7.0,17.0,7.0,8.0,False,0.261061946903,0.0929203539823,2126,1594,1594,0.26371681415929205,0.0,0.0,0.0,0.41102298149278016,0.13185840707964602,0.3939393939393939,13,0.0929203539823,True,primary_disconnected|three_slice_smoothed_central_minimum_is_zero
7225,missing,False,y,18.0,6.0,12.0,6.0,6.0,11.0,7.0,False,0.0,0.0,0,0,0,0.0,0.0,0.0,,1.0,0.0,0.0,0,0.0,False,primary_disconnected|three_slice_smoothed_central_minimum_is_zero
7404,missing,False,y,18.0,2.0,13.0,7.0,3.0,13.0,8.0,False,0.358407079646,0.33185840708,1817,2288,1817,0.36283185840707965,0.0,0.0,0.0,0.3902439024390244,0.18141592920353983,0.3333333333333333,10,0.33185840708,True,primary_disconnected|three_slice_smoothed_central_minimum_is_zero
7420,missing,False,y,18.0,4.0,12.0,6.0,4.0,13.0,7.0,False,0.0,0.0,0,0,0,0.0,0.0,0.0,,1.0,0.0,0.0,0,0.0,False,primary_disconnected|three_slice_smoothed_central_minimum_is_zero
7706,missing,False,y,18.0,9.0,16.0,7.0,9.0,15.0,8.0,False,0.0,0.0,0,0,0,0.0,0.0,0.0,,1.0,0.0,0.0,0,0.0,False,primary_disconnected|three_slice_smoothed_central_minimum_is_zero
7820,missing,True,y,18.0,2.0,18.0,6.0,1.0,18.0,7.0,False,0.0,0.0,0,0,0,0.0,0.0,0.0,,1.0,0.0,0.0,0,0.0,False,primary_disconnected|three_slice_smoothed_central_minimum_is_zero
7821,missing,True,y,18.0,0.0,18.0,6.0,1.0,18.0,7.0,False,0.0,0.0,0,0,0,0.0,0.0,0.0,,1.0,0.0,0.0,0,0.0,False,primary_disconnected|three_slice_smoothed_central_minimum_is_zero
7822,missing,True,y,18.0,0.0,18.0,8.0,1.0,18.0,7.0,False,0.0,0.0,0,0,0,0.0,0.0,0.0,,1.0,0.0,0.0,0,0.0,False,primary_disconnected|three_slice_smoothed_central_minimum_is_zero
7823,missing,True,y,18.0,2.0,18.0,8.0,1.0,18.0,7.0,False,0.0,0.0,0,0,0,0.0,0.0,0.0,,1.0,0.0,0.0,0,0.0,False,primary_disconnected|three_slice_smoothed_central_minimum_is_zero
7848,missing,True,y,18.0,4.0,18.0,6.0,3.0,18.0,7.0,False,0.0,0.0,0,0,0,0.0,0.0,0.0,,1.0,0.0,0.0,0,0.0,False,primary_disconnected|three_slice_smoothed_central_minimum_is_zero
7849,missing,True,y,18.0,2.0,18.0,6.0,3.0,18.0,7.0,False,0.0,0.0,0,0,0,0.0,0.0,0.0,,1.0,0.0,0.0,0,0.0,False,primary_disconnected|three_slice_smoothed_central_minimum_is_zero
7850,missing,True,y,18.0,2.0,18.0,8.0,3.0,18.0,7.0,False,0.0,0.0,0,0,0,0.0,0.0,0.0,,1.0,0.0,0.0,0,0.0,False,primary_disconnected|three_slice_smoothed_central_minimum_is_zero
7851,missing,True,y,18.0,4.0,18.0,8.0,3.0,18.0,7.0,False,0.0,0.0,0,0,0,0.0,0.0,0.0,,1.0,0.0,0.0,0,0.0,False,primary_disconnected|three_slice_smoothed_central_minimum_is_zero
7876,missing,True,y,18.0,6.0,18.0,6.0,5.0,18.0,7.0,False,0.0,0.0,0,0,0,0.0,0.0,0.0,,1.0,0.0,0.0,0,0.0,False,primary_disconnected|three_slice_smoothed_central_minimum_is_zero
7877,missing,True,y,18.0,4.0,18.0,6.0,5.0,18.0,7.0,False,0.0,0.0,0,0,0,0.0,0.0,0.0,,1.0,0.0,0.0,0,0.0,False,primary_disconnected|three_slice_smoothed_central_minimum_is_zero
7878,missing,True,y,18.0,4.0,18.0,8.0,5.0,18.0,7.0,False,0.0,0.0,0,0,0,0.0,0.0,0.0,,1.0,0.0,0.0,0,0.0,False,primary_disconnected|three_slice_smoothed_central_minimum_is_zero
7879,missing,True,y,18.0,6.0,18.0,8.0,5.0,18.0,7.0,False,0.0,0.0,0,0,0,0.0,0.0,0.0,,1.0,0.0,0.0,0,0.0,False,primary_disconnected|three_slice_smoothed_central_minimum_is_zero
7904,missing,True,y,18.0,8.0,18.0,6.0,7.0,18.0,7.0,False,0.0,0.0,0,0,0,0.0,0.0,0.0,,1.0,0.0,0.0,0,0.0,False,primary_disconnected|three_slice_smoothed_central_minimum_is_zero
7905,missing,True,y,18.0,6.0,18.0,6.0,7.0,18.0,7.0,False,0.0,0.0,0,0,0,0.0,0.0,0.0,,1.0,0.0,0.0,0,0.0,False,primary_disconnected|three_slice_smoothed_central_minimum_is_zero
7906,missing,True,y,18.0,6.0,18.0,8.0,7.0,18.0,7.0,False,0.0,0.0,0,0,0,0.0,0.0,0.0,,1.0,0.0,0.0,0,0.0,False,primary_disconnected|three_slice_smoothed_central_minimum_is_zero
7907,missing,True,y,18.0,8.0,18.0,8.0,7.0,18.0,7.0,False,0.0,0.0,0,0,0,0.0,0.0,0.0,,1.0,0.0,0.0,0,0.0,False,primary_disconnected|three_slice_smoothed_central_minimum_is_zero
7932,missing,True,y,18.0,10.0,18.0,6.0,9.0,18.0,7.0,False,0.0,0.0,0,0,0,0.0,0.0,0.0,,1.0,0.0,0.0,0,0.0,False,primary_disconnected|three_slice_smoothed_central_minimum_is_zero
7933,missing,True,y,18.0,8.0,18.0,6.0,9.0,18.0,7.0,False,0.0,0.0,0,0,0,0.0,0.0,0.0,,1.0,0.0,0.0,0,0.0,False,primary_disconnected|three_slice_smoothed_central_minimum_is_zero
7934,missing,True,y,18.0,8.0,18.0,8.0,9.0,18.0,7.0,False,0.0,0.0,0,0,0,0.0,0.0,0.0,,1.0,0.0,0.0,0,0.0,False,primary_disconnected|three_slice_smoothed_central_minimum_is_zero
7935,missing,True,y,18.0,10.0,18.0,8.0,9.0,18.0,7.0,False,0.0,0.0,0,0,0,0.0,0.0,0.0,,1.0,0.0,0.0,0,0.0,False,primary_disconnected|three_slice_smoothed_central_minimum_is_zero
7960,missing,True,y,18.0,12.0,18.0,6.0,11.0,18.0,7.0,False,0.0,0.0,0,0,0,0.0,0.0,0.0,,1.0,0.0,0.0,0,0.0,False,primary_disconnected|three_slice_smoothed_central_minimum_is_zero
7961,missing,True,y,18.0,10.0,18.0,6.0,11.0,18.0,7.0,False,0.0,0.0,0,0,0,0.0,0.0,0.0,,1.0,0.0,0.0,0,0.0,False,primary_disconnected|three_slice_smoothed_central_minimum_is_zero
7962,missing,True,y,18.0,10.0,18.0,8.0,11.0,18.0,7.0,False,0.0,0.0,0,0,0,0.0,0.0,0.0,,1.0,0.0,0.0,0,0.0,False,primary_disconnected|three_slice_smoothed_central_minimum_is_zero
7963,missing,True,y,18.0,12.0,18.0,8.0,11.0,18.0,7.0,False,0.0,0.0,0,0,0,0.0,0.0,0.0,,1.0,0.0,0.0,0,0.0,False,primary_disconnected|three_slice_smoothed_central_minimum_is_zero
7988,missing,True,y,18.0,14.0,18.0,6.0,13.0,18.0,7.0,False,0.0,0.0,0,0,0,0.0,0.0,0.0,,1.0,0.0,0.0,0,0.0,False,primary_disconnected|three_slice_smoothed_central_minimum_is_zero
7989,missing,True,y,18.0,12.0,18.0,6.0,13.0,18.0,7.0,False,0.0,0.0,0,0,0,0.0,0.0,0.0,,1.0,0.0,0.0,0,0.0,False,primary_disconnected|three_slice_smoothed_central_minimum_is_zero
7990,missing,True,y,18.0,12.0,18.0,8.0,13.0,18.0,7.0,False,0.0,0.0,0,0,0,0.0,0.0,0.0,,1.0,0.0,0.0,0,0.0,False,primary_disconnected|three_slice_smoothed_central_minimum_is_zero
7991,missing,True,y,18.0,14.0,18.0,8.0,13.0,18.0,7.0,False,0.0,0.0,0,0,0,0.0,0.0,0.0,,1.0,0.0,0.0,0,0.0,False,primary_disconnected|three_slice_smoothed_central_minimum_is_zero
8016,missing,True,y,18.0,16.0,18.0,6.0,15.0,18.0,7.0,False,0.16814159292,0.0,0,0,0,0.0,0.0,0.0,,1.0,0.0,0.0,0,0.0,False,primary_disconnected|three_slice_smoothed_central_minimum_is_zero
8017,missing,True,y,18.0,14.0,18.0,6.0,15.0,18.0,7.0,False,0.0,0.0,0,0,0,0.0,0.0,0.0,,1.0,0.0,0.0,0,0.0,False,primary_disconnected|three_slice_smoothed_central_minimum_is_zero
8018,missing,True,y,18.0,14.0,18.0,8.0,15.0,18.0,7.0,False,0.0,0.0,0,0,0,0.0,0.0,0.0,,1.0,0.0,0.0,0,0.0,False,primary_disconnected|three_slice_smoothed_central_minimum_is_zero
8019,missing,True,y,18.0,16.0,18.0,8.0,15.0,18.0,7.0,False,0.0,0.0,0,0,0,0.0,0.0,0.0,,1.0,0.0,0.0,0,0.0,False,primary_disconnected|three_slice_smoothed_central_minimum_is_zero
8048,missing,True,y,18.0,18.0,18.0,6.0,17.0,18.0,7.0,False,0.0,0.0,0,0,0,0.0,0.0,0.0,,1.0,0.0,0.0,0,0.0,False,primary_disconnected|three_slice_smoothed_central_minimum_is_zero
8049,missing,True,y,18.0,16.0,18.0,6.0,17.0,18.0,7.0,False,0.0,0.238938053097,0,0,0,0.06017699115044252,0.0,0.0,0.0,0.8698752228163993,0.03008849557522126,0.8787878787878788,29,0.0,False,primary_disconnected|three_slice_smoothed_central_minimum_is_zero
8050,missing,True,y,18.0,16.0,18.0,8.0,17.0,18.0,7.0,False,0.0,0.283185840708,0,0,0,0.06017699115044252,0.0,0.0,0.0,0.8698752228163993,0.03008849557522126,0.8787878787878788,29,0.0,False,primary_disconnected|three_slice_smoothed_central_minimum_is_zero
8051,missing,True,y,18.0,18.0,18.0,8.0,17.0,18.0,7.0,False,0.0,0.0,0,0,0,0.0,0.0,0.0,,1.0,0.0,0.0,0,0.0,False,primary_disconnected|three_slice_smoothed_central_minimum_is_zero
8114,missing,False,y,18.0,6.0,2.0,8.0,5.0,1.0,8.0,False,0.0,0.0,0,0,0,0.0,0.0,0.0,,1.0,0.0,0.0,0,0.0,False,primary_disconnected|three_slice_smoothed_central_minimum_is_zero
8121,missing,False,y,18.0,6.0,0.0,8.0,5.0,0.0,9.0,False,0.309734513274,0.300884955752,1773,1640,1640,0.2902654867256637,0.0,0.0,0.0,0.5378787878787878,0.14513274336283186,0.5454545454545454,18,0.300884955752,True,primary_disconnected|three_slice_smoothed_central_minimum_is_zero
8123,missing,False,y,18.0,6.0,0.0,10.0,5.0,0.0,9.0,False,0.265486725664,0.0353982300885,1944,1415,1415,0.24247787610619467,0.0,0.0,0.0,0.433662516101331,0.12123893805309734,0.35294117647058826,12,0.0353982300885,False,primary_disconnected|three_slice_smoothed_central_minimum_is_zero
8136,missing,False,y,18.0,6.0,0.0,8.0,7.0,1.0,8.0,False,0.0,0.0,0,0,0,0.0,0.0,0.0,,1.0,0.0,0.0,0,0.0,False,primary_disconnected|three_slice_smoothed_central_minimum_is_zero
8151,missing,False,y,18.0,6.0,1.0,9.0,7.0,0.0,9.0,False,0.16814159292,0.176991150442,1620,1775,1620,0.1920353982300885,0.0,0.0,0.0,0.2588777446462456,0.09601769911504425,0.14705882352941177,5,0.16814159292,True,primary_disconnected|three_slice_smoothed_central_minimum_is_zero
8160,missing,False,y,18.0,8.0,0.0,8.0,9.0,1.0,8.0,False,0.128318584071,0.0,1411,0,0,0.13805309734513274,0.0,0.0,0.0,0.8088578088578089,0.06902654867256637,0.7878787878787878,26,0.0,False,primary_disconnected|three_slice_smoothed_central_minimum_is_zero
8164,missing,False,y,18.0,8.0,0.0,8.0,8.0,1.0,9.0,False,0.0,0.0,0,0,0,0.0,0.0,0.0,,1.0,0.0,0.0,0,0.0,False,primary_disconnected|three_slice_smoothed_central_minimum_is_zero
8170,missing,False,y,18.0,8.0,0.0,10.0,9.0,0.0,9.0,False,0.261061946903,0.0,1469,0,0,0.12123893805309728,0.0,0.0,0.0,0.8694718763417777,0.06061946902654864,0.8823529411764706,30,0.0,False,primary_disconnected|three_slice_smoothed_central_minimum_is_zero
8173,missing,False,y,18.0,8.0,1.0,9.0,9.0,1.0,8.0,False,0.358407079646,0.0,1931,0,0,0.3168141592920354,0.0,0.0,0.0,0.6798713390892162,0.1584070796460177,0.6666666666666666,22,0.0,False,primary_disconnected|three_slice_smoothed_central_minimum_is_zero
8181,missing,False,y,18.0,9.0,0.0,9.0,9.0,1.0,10.0,False,0.190265486726,0.176991150442,1756,1522,1522,0.19469026548672566,0.0,0.0,0.0,0.3168449197860963,0.09734513274336283,0.20588235294117646,7,0.176991150442,True,primary_disconnected|three_slice_smoothed_central_minimum_is_zero
8258,missing,False,y,18.0,18.0,2.0,8.0,17.0,1.0,8.0,False,0.234513274336,0.070796460177,1763,1494,1494,0.23893805309734514,0.0,0.0,0.0,0.3020833333333333,0.11946902654867257,0.21875,7,0.070796460177,True,primary_disconnected|three_slice_smoothed_central_minimum_is_zero
8265,missing,False,y,18.0,18.0,2.0,8.0,18.0,1.0,9.0,False,0.241887905605,0.0,1288,0,0,0.215929203539823,0.0,0.0,0.0,0.7702507232401158,0.1079646017699115,0.7647058823529411,26,0.0,False,primary_disconnected|three_slice_smoothed_central_minimum_is_zero
8389,missing,False,y,18.0,10.0,2.0,8.0,9.0,2.0,9.0,False,0.323008849558,0.0,2006,0,0,0.24778761061946902,0.0,0.0,0.0,0.5616883116883117,0.12389380530973451,0.5757575757575758,19,0.0,False,primary_disconnected|three_slice_smoothed_central_minimum_is_zero
8442,missing,False,y,18.0,12.0,3.0,9.0,13.0,4.0,9.0,False,0.0,0.0,0,0,0,0.0,0.0,0.0,,1.0,0.0,0.0,0,0.0,False,primary_disconnected|three_slice_smoothed_central_minimum_is_zero
8484,missing,False,y,18.0,18.0,2.0,8.0,18.0,3.0,9.0,False,0.146017699115,0.132743362832,1315,1511,1315,0.20088495575221238,0.0,0.0,0.0,0.30577869914485617,0.10044247787610619,0.20588235294117646,7,0.132743362832,True,primary_disconnected|three_slice_smoothed_central_minimum_is_zero
8764,missing,False,y,18.0,4.0,7.0,9.0,3.0,7.0,8.0,False,0.0,0.0,0,0,0,0.0,0.0,0.0,,1.0,0.0,0.0,0,0.0,False,primary_disconnected|three_slice_smoothed_central_minimum_is_zero
8823,missing,False,y,18.0,8.0,8.0,8.0,9.0,7.0,8.0,False,0.0,0.0,0,0,0,0.0,0.0,0.0,,1.0,0.0,0.0,0,0.0,False,primary_disconnected|three_slice_smoothed_central_minimum_is_zero
8936,missing,False,y,18.0,18.0,7.0,9.0,17.0,7.0,8.0,False,0.0353982300885,0.296460176991,1184,1978,1184,0.22831858407079647,0.0,0.0,0.0,0.48766737138830163,0.11415929203539824,0.5151515151515151,17,0.0353982300885,False,primary_disconnected|three_slice_smoothed_central_minimum_is_zero
8956,missing,False,y,18.0,0.0,9.0,9.0,1.0,9.0,10.0,False,0.269911504425,0.0929203539823,1735,1465,1465,0.25486725663716814,0.0,0.0,0.0,0.4957912457912458,0.12743362831858407,0.45454545454545453,15,0.0929203539823,True,primary_disconnected|three_slice_smoothed_central_minimum_is_zero
8976,missing,False,y,18.0,2.0,8.0,8.0,3.0,8.0,9.0,False,0.362831858407,0.289085545723,2205,1634,1634,0.3663716814159292,0.0,0.0,0.0,0.49161693662972433,0.1831858407079646,0.4117647058823529,14,0.289085545723,True,primary_disconnected|three_slice_smoothed_central_minimum_is_zero
9273,missing,False,y,18.0,8.0,11.0,9.0,9.0,11.0,8.0,False,0.0,0.0,0,0,0,0.0,0.0,0.0,,1.0,0.0,0.0,0,0.0,False,primary_disconnected|three_slice_smoothed_central_minimum_is_zero
9303,missing,False,y,18.0,11.0,10.0,9.0,11.0,11.0,8.0,False,0.0,0.0,0,0,0,0.0,0.0,0.0,,1.0,0.0,0.0,0,0.0,False,primary_disconnected|three_slice_smoothed_central_minimum_is_zero
9329,missing,False,y,18.0,13.0,10.0,9.0,13.0,11.0,10.0,False,0.0,0.0,0,0,0,0.0,0.0,0.0,,1.0,0.0,0.0,0,0.0,False,primary_disconnected|three_slice_smoothed_central_minimum_is_zero
9597,missing,False,y,18.0,18.0,13.0,9.0,17.0,14.0,9.0,False,0.0,0.0,0,0,0,0.0,0.0,0.0,,1.0,0.0,0.0,0,0.0,False,primary_disconnected|three_slice_smoothed_central_minimum_is_zero
9778,missing,False,y,18.0,14.0,16.0,10.0,14.0,15.0,9.0,False,0.0,0.0,0,0,0,0.0,0.0,0.0,,1.0,0.0,0.0,0,0.0,False,primary_disconnected|three_slice_smoothed_central_minimum_is_zero
9836,missing,True,y,18.0,2.0,18.0,8.0,1.0,18.0,9.0,False,0.0,0.0,0,0,0,0.0,0.0,0.0,,1.0,0.0,0.0,0,0.0,False,primary_disconnected|three_slice_smoothed_central_minimum_is_zero
9837,missing,True,y,18.0,0.0,18.0,8.0,1.0,18.0,9.0,False,0.0,0.0,0,0,0,0.0,0.0,0.0,,1.0,0.0,0.0,0,0.0,False,primary_disconnected|three_slice_smoothed_central_minimum_is_zero
9838,missing,True,y,18.0,0.0,18.0,10.0,1.0,18.0,9.0,False,0.0,0.0,0,0,0,0.0,0.0,0.0,,1.0,0.0,0.0,0,0.0,False,primary_disconnected|three_slice_smoothed_central_minimum_is_zero
9839,missing,True,y,18.0,2.0,18.0,10.0,1.0,18.0,9.0,False,0.0,0.0,0,0,0,0.0,0.0,0.0,,1.0,0.0,0.0,0,0.0,False,primary_disconnected|three_slice_smoothed_central_minimum_is_zero
9864,missing,True,y,18.0,4.0,18.0,8.0,3.0,18.0,9.0,False,0.0,0.0,0,0,0,0.0,0.0,0.0,,1.0,0.0,0.0,0,0.0,False,primary_disconnected|three_slice_smoothed_central_minimum_is_zero
9865,missing,True,y,18.0,2.0,18.0,8.0,3.0,18.0,9.0,False,0.0,0.0,0,0,0,0.0,0.0,0.0,,1.0,0.0,0.0,0,0.0,False,primary_disconnected|three_slice_smoothed_central_minimum_is_zero
9866,missing,True,y,18.0,2.0,18.0,10.0,3.0,18.0,9.0,False,0.0,0.0,0,0,0,0.0,0.0,0.0,,1.0,0.0,0.0,0,0.0,False,primary_disconnected|three_slice_smoothed_central_minimum_is_zero
9867,missing,True,y,18.0,4.0,18.0,10.0,3.0,18.0,9.0,False,0.0,0.0,0,0,0,0.0,0.0,0.0,,1.0,0.0,0.0,0,0.0,False,primary_disconnected|three_slice_smoothed_central_minimum_is_zero
9892,missing,True,y,18.0,6.0,18.0,8.0,5.0,18.0,9.0,False,0.0,0.0,0,0,0,0.0,0.0,0.0,,1.0,0.0,0.0,0,0.0,False,primary_disconnected|three_slice_smoothed_central_minimum_is_zero
9893,missing,True,y,18.0,4.0,18.0,8.0,5.0,18.0,9.0,False,0.0,0.0,0,0,0,0.0,0.0,0.0,,1.0,0.0,0.0,0,0.0,False,primary_disconnected|three_slice_smoothed_central_minimum_is_zero
9894,missing,True,y,18.0,4.0,18.0,10.0,5.0,18.0,9.0,False,0.0,0.0,0,0,0,0.0,0.0,0.0,,1.0,0.0,0.0,0,0.0,False,primary_disconnected|three_slice_smoothed_central_minimum_is_zero
9895,missing,True,y,18.0,6.0,18.0,10.0,5.0,18.0,9.0,False,0.0,0.0,0,0,0,0.0,0.0,0.0,,1.0,0.0,0.0,0,0.0,False,primary_disconnected|three_slice_smoothed_central_minimum_is_zero
9920,missing,True,y,18.0,8.0,18.0,8.0,7.0,18.0,9.0,False,0.0,0.0,0,0,0,0.0,0.0,0.0,,1.0,0.0,0.0,0,0.0,False,primary_disconnected|three_slice_smoothed_central_minimum_is_zero
9921,missing,True,y,18.0,6.0,18.0,8.0,7.0,18.0,9.0,False,0.0,0.0,0,0,0,0.0,0.0,0.0,,1.0,0.0,0.0,0,0.0,False,primary_disconnected|three_slice_smoothed_central_minimum_is_zero
9922,missing,True,y,18.0,6.0,18.0,10.0,7.0,18.0,9.0,False,0.0,0.0,0,0,0,0.0,0.0,0.0,,1.0,0.0,0.0,0,0.0,False,primary_disconnected|three_slice_smoothed_central_minimum_is_zero
9923,missing,True,y,18.0,8.0,18.0,10.0,7.0,18.0,9.0,False,0.0,0.0,0,0,0,0.0,0.0,0.0,,1.0,0.0,0.0,0,0.0,False,primary_disconnected|three_slice_smoothed_central_minimum_is_zero
9948,missing,True,y,18.0,10.0,18.0,8.0,9.0,18.0,9.0,False,0.0,0.0,0,0,0,0.0,0.0,0.0,,1.0,0.0,0.0,0,0.0,False,primary_disconnected|three_slice_smoothed_central_minimum_is_zero
9949,missing,True,y,18.0,8.0,18.0,8.0,9.0,18.0,9.0,False,0.0,0.0,0,0,0,0.0,0.0,0.0,,1.0,0.0,0.0,0,0.0,False,primary_disconnected|three_slice_smoothed_central_minimum_is_zero
9950,missing,True,y,18.0,8.0,18.0,10.0,9.0,18.0,9.0,False,0.0,0.0,0,0,0,0.0,0.0,0.0,,1.0,0.0,0.0,0,0.0,False,primary_disconnected|three_slice_smoothed_central_minimum_is_zero
9951,missing,True,y,18.0,10.0,18.0,10.0,9.0,18.0,9.0,False,0.0,0.0,0,0,0,0.0,0.0,0.0,,1.0,0.0,0.0,0,0.0,False,primary_disconnected|three_slice_smoothed_central_minimum_is_zero
9976,missing,True,y,18.0,12.0,18.0,8.0,11.0,18.0,9.0,False,0.0,0.0,0,0,0,0.0,0.0,0.0,,1.0,0.0,0.0,0,0.0,False,primary_disconnected|three_slice_smoothed_central_minimum_is_zero
9977,missing,True,y,18.0,10.0,18.0,8.0,11.0,18.0,9.0,False,0.0,0.0,0,0,0,0.0,0.0,0.0,,1.0,0.0,0.0,0,0.0,False,primary_disconnected|three_slice_smoothed_central_minimum_is_zero
9978,missing,True,y,18.0,10.0,18.0,10.0,11.0,18.0,9.0,False,0.0,0.0,0,0,0,0.0,0.0,0.0,,1.0,0.0,0.0,0,0.0,False,primary_disconnected|three_slice_smoothed_central_minimum_is_zero
9979,missing,True,y,18.0,12.0,18.0,10.0,11.0,18.0,9.0,False,0.070796460177,0.0,0,0,0,0.0,0.0,0.0,,1.0,0.0,0.0,0,0.0,False,primary_disconnected|three_slice_smoothed_central_minimum_is_zero
10003,missing,False,y,18.0,14.0,16.0,10.0,13.0,16.0,9.0,False,0.0,0.0,0,0,0,0.0,0.0,0.0,,1.0,0.0,0.0,0,0.0,False,primary_disconnected|three_slice_smoothed_central_minimum_is_zero
10004,missing,True,y,18.0,14.0,18.0,8.0,13.0,18.0,9.0,False,0.0,0.0,0,0,0,0.0,0.0,0.0,,1.0,0.0,0.0,0,0.0,False,primary_disconnected|three_slice_smoothed_central_minimum_is_zero
10005,missing,True,y,18.0,12.0,18.0,8.0,13.0,18.0,9.0,False,0.0,0.0,0,0,0,0.0,0.0,0.0,,1.0,0.0,0.0,0,0.0,False,primary_disconnected|three_slice_smoothed_central_minimum_is_zero
10006,missing,True,y,18.0,12.0,18.0,10.0,13.0,18.0,9.0,False,0.0,0.0,0,0,0,0.0,0.0,0.0,,1.0,0.0,0.0,0,0.0,False,primary_disconnected|three_slice_smoothed_central_minimum_is_zero
10007,missing,True,y,18.0,14.0,18.0,10.0,13.0,18.0,9.0,False,0.0,0.0,0,0,0,0.0,0.0,0.0,,1.0,0.0,0.0,0,0.0,False,primary_disconnected|three_slice_smoothed_central_minimum_is_zero
10027,missing,False,y,18.0,14.0,16.0,10.0,14.0,17.0,9.0,False,0.0,0.0,0,0,0,0.0,0.0,0.0,,1.0,0.0,0.0,0,0.0,False,primary_disconnected|three_slice_smoothed_central_minimum_is_zero
10030,missing,False,y,18.0,14.0,16.0,10.0,15.0,16.0,9.0,False,0.0,0.0,0,0,0,0.0,0.0,0.0,,1.0,0.0,0.0,0,0.0,False,primary_disconnected|three_slice_smoothed_central_minimum_is_zero
10032,missing,True,y,18.0,16.0,18.0,8.0,15.0,18.0,9.0,False,0.0,0.0,0,0,0,0.0,0.0,0.0,,1.0,0.0,0.0,0,0.0,False,primary_disconnected|three_slice_smoothed_central_minimum_is_zero
10033,missing,True,y,18.0,14.0,18.0,8.0,15.0,18.0,9.0,False,0.0,0.0,0,0,0,0.0,0.0,0.0,,1.0,0.0,0.0,0,0.0,False,primary_disconnected|three_slice_smoothed_central_minimum_is_zero
10034,missing,True,y,18.0,14.0,18.0,10.0,15.0,18.0,9.0,False,0.0,0.0,0,0,0,0.0,0.0,0.0,,1.0,0.0,0.0,0,0.0,False,primary_disconnected|three_slice_smoothed_central_minimum_is_zero
10035,missing,True,y,18.0,16.0,18.0,10.0,15.0,18.0,9.0,False,0.0,0.0,0,0,0,0.0,0.0,0.0,,1.0,0.0,0.0,0,0.0,False,primary_disconnected|three_slice_smoothed_central_minimum_is_zero
10057,missing,True,y,18.0,18.0,18.0,8.0,18.0,17.0,9.0,False,0.0,0.17994100295,0,1388,0,0.17699115044247787,0.0,0.0,0.0,0.7818181818181819,0.08849557522123894,0.7878787878787878,26,0.0,False,primary_disconnected|three_slice_smoothed_central_minimum_is_zero
10064,missing,True,y,18.0,18.0,18.0,8.0,17.0,18.0,9.0,False,0.0,0.0,0,0,0,0.0,0.0,0.0,,1.0,0.0,0.0,0,0.0,False,primary_disconnected|three_slice_smoothed_central_minimum_is_zero
10065,missing,True,y,18.0,16.0,18.0,8.0,17.0,18.0,9.0,False,0.0,0.0,0,0,0,0.0,0.0,0.0,,1.0,0.0,0.0,0,0.0,False,primary_disconnected|three_slice_smoothed_central_minimum_is_zero
10066,missing,True,y,18.0,16.0,18.0,10.0,17.0,18.0,9.0,False,0.0,0.00442477876106,0,0,0,0.0,0.0,0.0,,1.0,0.0,0.0,0,0.0,False,primary_disconnected|three_slice_smoothed_central_minimum_is_zero
10067,missing,True,y,18.0,18.0,18.0,10.0,17.0,18.0,9.0,False,0.0,0.0,0,0,0,0.0,0.0,0.0,,1.0,0.0,0.0,0,0.0,False,primary_disconnected|three_slice_smoothed_central_minimum_is_zero
10260,missing,False,y,18.0,14.0,1.0,11.0,15.0,1.0,12.0,False,0.287610619469,0.305309734513,1670,2161,1670,0.25663716814159293,0.0,0.0,0.0,0.3887147335423197,0.12831858407079647,0.42424242424242425,14,0.287610619469,True,primary_disconnected|three_slice_smoothed_central_minimum_is_zero
10298,missing,False,y,18.0,17.0,2.0,11.0,17.0,1.0,12.0,False,0.0,0.0,0,0,0,0.0,0.0,0.0,,1.0,0.0,0.0,0,0.0,False,primary_disconnected|three_slice_smoothed_central_minimum_is_zero
10408,missing,False,y,18.0,8.0,3.0,11.0,9.0,3.0,12.0,False,0.274336283186,0.247787610619,1629,2083,1629,0.2849557522123894,0.0,0.0,0.0,0.4552983248635422,0.1424778761061947,0.42424242424242425,12,0.247787610619,True,primary_disconnected|three_slice_smoothed_central_minimum_is_zero
10948,missing,False,y,18.0,16.0,7.0,11.0,17.0,7.0,12.0,False,0.0,0.0,0,0,0,0.0,0.0,0.0,,1.0,0.0,0.0,0,0.0,False,primary_disconnected|three_slice_smoothed_central_minimum_is_zero
11650,missing,False,y,18.0,2.0,16.0,12.0,2.0,15.0,11.0,False,0.0,0.0,0,0,0,0.0,0.0,0.0,,1.0,0.0,0.0,0,0.0,False,primary_disconnected|three_slice_smoothed_central_minimum_is_zero
11766,missing,False,y,18.0,14.0,16.0,10.0,13.0,15.0,10.0,False,0.0,0.0,0,0,0,0.0,0.0,0.0,,1.0,0.0,0.0,0,0.0,False,primary_disconnected|three_slice_smoothed_central_minimum_is_zero
11791,missing,False,y,18.0,14.0,16.0,10.0,15.0,15.0,10.0,False,0.0,0.0,0,0,0,0.0,0.0,0.0,,1.0,0.0,0.0,0,0.0,False,primary_disconnected|three_slice_smoothed_central_minimum_is_zero
11793,missing,False,y,18.0,14.0,16.0,10.0,14.0,15.0,11.0,False,0.0,0.0,0,0,0,0.0,0.0,0.0,,1.0,0.0,0.0,0,0.0,False,primary_disconnected|three_slice_smoothed_central_minimum_is_zero
11851,missing,False,y,18.0,2.0,16.0,12.0,1.0,16.0,11.0,False,0.0,0.0,0,0,0,0.0,0.0,0.0,,1.0,0.0,0.0,0,0.0,False,primary_disconnected|three_slice_smoothed_central_minimum_is_zero
11852,missing,True,y,18.0,2.0,18.0,10.0,1.0,18.0,11.0,False,0.0,0.0,0,0,0,0.0,0.0,0.0,,1.0,0.0,0.0,0,0.0,False,primary_disconnected|three_slice_smoothed_central_minimum_is_zero
11853,missing,True,y,18.0,0.0,18.0,10.0,1.0,18.0,11.0,False,0.0,0.0,0,0,0,0.0,0.0,0.0,,1.0,0.0,0.0,0,0.0,False,primary_disconnected|three_slice_smoothed_central_minimum_is_zero
11854,missing,True,y,18.0,0.0,18.0,12.0,1.0,18.0,11.0,False,0.0,0.0,0,0,0,0.0,0.0,0.0,,1.0,0.0,0.0,0,0.0,False,primary_disconnected|three_slice_smoothed_central_minimum_is_zero
11855,missing,True,y,18.0,2.0,18.0,12.0,1.0,18.0,11.0,False,0.0,0.0,0,0,0,0.0,0.0,0.0,,1.0,0.0,0.0,0,0.0,False,primary_disconnected|three_slice_smoothed_central_minimum_is_zero
11875,missing,False,y,18.0,2.0,16.0,12.0,2.0,17.0,11.0,False,0.0,0.0,0,0,0,0.0,0.0,0.0,,1.0,0.0,0.0,0,0.0,False,primary_disconnected|three_slice_smoothed_central_minimum_is_zero
11878,missing,False,y,18.0,2.0,16.0,12.0,3.0,16.0,11.0,False,0.0,0.0,0,0,0,0.0,0.0,0.0,,1.0,0.0,0.0,0,0.0,False,primary_disconnected|three_slice_smoothed_central_minimum_is_zero
11880,missing,True,y,18.0,4.0,18.0,10.0,3.0,18.0,11.0,False,0.0,0.0,0,0,0,0.0,0.0,0.0,,1.0,0.0,0.0,0,0.0,False,primary_disconnected|three_slice_smoothed_central_minimum_is_zero
11881,missing,True,y,18.0,2.0,18.0,10.0,3.0,18.0,11.0,False,0.0,0.0,0,0,0,0.0,0.0,0.0,,1.0,0.0,0.0,0,0.0,False,primary_disconnected|three_slice_smoothed_central_minimum_is_zero
11882,missing,True,y,18.0,2.0,18.0,12.0,3.0,18.0,11.0,False,0.0,0.0,0,0,0,0.0,0.0,0.0,,1.0,0.0,0.0,0,0.0,False,primary_disconnected|three_slice_smoothed_central_minimum_is_zero
11883,missing,True,y,18.0,4.0,18.0,12.0,3.0,18.0,11.0,False,0.0,0.0,0,0,0,0.0,0.0,0.0,,1.0,0.0,0.0,0,0.0,False,primary_disconnected|three_slice_smoothed_central_minimum_is_zero
11908,missing,True,y,18.0,6.0,18.0,10.0,5.0,18.0,11.0,False,0.0,0.0,0,0,0,0.0,0.0,0.0,,1.0,0.0,0.0,0,0.0,False,primary_disconnected|three_slice_smoothed_central_minimum_is_zero
11909,missing,True,y,18.0,4.0,18.0,10.0,5.0,18.0,11.0,False,0.0,0.0,0,0,0,0.0,0.0,0.0,,1.0,0.0,0.0,0,0.0,False,primary_disconnected|three_slice_smoothed_central_minimum_is_zero
11910,missing,True,y,18.0,4.0,18.0,12.0,5.0,18.0,11.0,False,0.0,0.0,0,0,0,0.0,0.0,0.0,,1.0,0.0,0.0,0,0.0,False,primary_disconnected|three_slice_smoothed_central_minimum_is_zero
11911,missing,True,y,18.0,6.0,18.0,12.0,5.0,18.0,11.0,False,0.0,0.0,0,0,0,0.0,0.0,0.0,,1.0,0.0,0.0,0,0.0,False,primary_disconnected|three_slice_smoothed_central_minimum_is_zero
11936,missing,True,y,18.0,8.0,18.0,10.0,7.0,18.0,11.0,False,0.0,0.0,0,0,0,0.0,0.0,0.0,,1.0,0.0,0.0,0,0.0,False,primary_disconnected|three_slice_smoothed_central_minimum_is_zero
11937,missing,True,y,18.0,6.0,18.0,10.0,7.0,18.0,11.0,False,0.0,0.0,0,0,0,0.0,0.0,0.0,,1.0,0.0,0.0,0,0.0,False,primary_disconnected|three_slice_smoothed_central_minimum_is_zero
11938,missing,True,y,18.0,6.0,18.0,12.0,7.0,18.0,11.0,False,0.0,0.0,0,0,0,0.0,0.0,0.0,,1.0,0.0,0.0,0,0.0,False,primary_disconnected|three_slice_smoothed_central_minimum_is_zero
11939,missing,True,y,18.0,8.0,18.0,12.0,7.0,18.0,11.0,False,0.0,0.0,0,0,0,0.0,0.0,0.0,,1.0,0.0,0.0,0,0.0,False,primary_disconnected|three_slice_smoothed_central_minimum_is_zero
11963,missing,False,y,18.0,10.0,16.0,12.0,9.0,16.0,11.0,False,0.0,0.0,0,0,0,0.0,0.0,0.0,,1.0,0.0,0.0,0,0.0,False,primary_disconnected|three_slice_smoothed_central_minimum_is_zero
11964,missing,True,y,18.0,10.0,18.0,10.0,9.0,18.0,11.0,False,0.0176991150442,0.0,0,0,0,0.0,0.0,0.0,,1.0,0.0,0.0,0,0.0,False,primary_disconnected|three_slice_smoothed_central_minimum_is_zero
11965,missing,True,y,18.0,8.0,18.0,10.0,9.0,18.0,11.0,False,0.0,0.0,0,0,0,0.0,0.0,0.0,,1.0,0.0,0.0,0,0.0,False,primary_disconnected|three_slice_smoothed_central_minimum_is_zero
11966,missing,True,y,18.0,8.0,18.0,12.0,9.0,18.0,11.0,False,0.0,0.0,0,0,0,0.0,0.0,0.0,,1.0,0.0,0.0,0,0.0,False,primary_disconnected|three_slice_smoothed_central_minimum_is_zero
11967,missing,True,y,18.0,10.0,18.0,12.0,9.0,18.0,11.0,False,0.0265486725664,0.0,0,0,0,0.0,0.0,0.0,,1.0,0.0,0.0,0,0.0,False,primary_disconnected|three_slice_smoothed_central_minimum_is_zero
11984,missing,False,y,18.0,10.0,16.0,10.0,10.0,17.0,11.0,False,0.0,0.0,0,0,0,0.0,0.0,0.0,,1.0,0.0,0.0,0,0.0,False,primary_disconnected|three_slice_smoothed_central_minimum_is_zero
11992,missing,True,y,18.0,12.0,18.0,10.0,11.0,18.0,11.0,False,0.0,0.0,0,0,0,0.0,0.0,0.0,,1.0,0.0,0.0,0,0.0,False,primary_disconnected|three_slice_smoothed_central_minimum_is_zero
11993,missing,True,y,18.0,10.0,18.0,10.0,11.0,18.0,11.0,False,0.0,0.0,0,0,0,0.0,0.0,0.0,,1.0,0.0,0.0,0,0.0,False,primary_disconnected|three_slice_smoothed_central_minimum_is_zero
11994,missing,True,y,18.0,10.0,18.0,12.0,11.0,18.0,11.0,False,0.0,0.0,0,0,0,0.0,0.0,0.0,,1.0,0.0,0.0,0,0.0,False,primary_disconnected|three_slice_smoothed_central_minimum_is_zero
11995,missing,True,y,18.0,12.0,18.0,12.0,11.0,18.0,11.0,False,0.0,0.0,0,0,0,0.0,0.0,0.0,,1.0,0.0,0.0,0,0.0,False,primary_disconnected|three_slice_smoothed_central_minimum_is_zero
12009,missing,False,y,18.0,14.0,16.0,10.0,13.0,17.0,10.0,False,0.0,0.0,0,0,0,0.0,0.0,0.0,,1.0,0.0,0.0,0,0.0,False,primary_disconnected|three_slice_smoothed_central_minimum_is_zero
12017,missing,False,y,18.0,14.0,16.0,10.0,13.0,16.0,11.0,False,0.0,0.0,0,0,0,0.0,0.0,0.0,,1.0,0.0,0.0,0,0.0,False,primary_disconnected|three_slice_smoothed_central_minimum_is_zero
12020,missing,True,y,18.0,14.0,18.0,10.0,13.0,18.0,11.0,False,0.0,0.0,0,0,0,0.0,0.0,0.0,,1.0,0.0,0.0,0,0.0,False,primary_disconnected|three_slice_smoothed_central_minimum_is_zero
12021,missing,True,y,18.0,12.0,18.0,10.0,13.0,18.0,11.0,False,0.0,0.0,0,0,0,0.0,0.0,0.0,,1.0,0.0,0.0,0,0.0,False,primary_disconnected|three_slice_smoothed_central_minimum_is_zero
12022,missing,True,y,18.0,12.0,18.0,12.0,13.0,18.0,11.0,False,0.0,0.0,0,0,0,0.0,0.0,0.0,,1.0,0.0,0.0,0,0.0,False,primary_disconnected|three_slice_smoothed_central_minimum_is_zero
12023,missing,True,y,18.0,14.0,18.0,12.0,13.0,18.0,11.0,False,0.0,0.0,0,0,0,0.0,0.0,0.0,,1.0,0.0,0.0,0,0.0,False,primary_disconnected|three_slice_smoothed_central_minimum_is_zero
12036,missing,False,y,18.0,14.0,16.0,10.0,15.0,17.0,10.0,False,0.0,0.0,0,0,0,0.0,0.0,0.0,,1.0,0.0,0.0,0,0.0,False,primary_disconnected|three_slice_smoothed_central_minimum_is_zero
12040,missing,False,y,18.0,14.0,16.0,10.0,14.0,17.0,11.0,False,0.0,0.0,0,0,0,0.0,0.0,0.0,,1.0,0.0,0.0,0,0.0,False,primary_disconnected|three_slice_smoothed_central_minimum_is_zero
12044,missing,False,y,18.0,14.0,16.0,10.0,15.0,16.0,11.0,False,0.0,0.0,0,0,0,0.0,0.0,0.0,,1.0,0.0,0.0,0,0.0,False,primary_disconnected|three_slice_smoothed_central_minimum_is_zero
12048,missing,True,y,18.0,16.0,18.0,10.0,15.0,18.0,11.0,False,0.0,0.0,0,0,0,0.0,0.0,0.0,,1.0,0.0,0.0,0,0.0,False,primary_disconnected|three_slice_smoothed_central_minimum_is_zero
12049,missing,True,y,18.0,14.0,18.0,10.0,15.0,18.0,11.0,False,0.0,0.0,0,0,0,0.0,0.0,0.0,,1.0,0.0,0.0,0,0.0,False,primary_disconnected|three_slice_smoothed_central_minimum_is_zero
12050,missing,True,y,18.0,14.0,18.0,12.0,15.0,18.0,11.0,False,0.0,0.0,0,0,0,0.0,0.0,0.0,,1.0,0.0,0.0,0,0.0,False,primary_disconnected|three_slice_smoothed_central_minimum_is_zero
12051,missing,True,y,18.0,16.0,18.0,12.0,15.0,18.0,11.0,False,0.0,0.0,0,0,0,0.0,0.0,0.0,,1.0,0.0,0.0,0,0.0,False,primary_disconnected|three_slice_smoothed_central_minimum_is_zero
12080,missing,True,y,18.0,18.0,18.0,10.0,17.0,18.0,11.0,False,0.0,0.0,0,0,0,0.0,0.0,0.0,,1.0,0.0,0.0,0,0.0,False,primary_disconnected|three_slice_smoothed_central_minimum_is_zero
12081,missing,True,y,18.0,16.0,18.0,10.0,17.0,18.0,11.0,False,0.0,0.0,0,0,0,0.0,0.0,0.0,,1.0,0.0,0.0,0,0.0,False,primary_disconnected|three_slice_smoothed_central_minimum_is_zero
12082,missing,True,y,18.0,16.0,18.0,12.0,17.0,18.0,11.0,False,0.0,0.00884955752212,0,0,0,0.0,0.0,0.0,,1.0,0.0,0.0,0,0.0,False,primary_disconnected|three_slice_smoothed_central_minimum_is_zero
12083,missing,True,y,18.0,18.0,18.0,12.0,17.0,18.0,11.0,False,0.0309734513274,0.0,0,0,0,0.0,0.0,0.0,,1.0,0.0,0.0,0,0.0,False,primary_disconnected|three_slice_smoothed_central_minimum_is_zero
12156,missing,False,y,18.0,4.0,1.0,13.0,5.0,1.0,14.0,False,0.12389380531,0.349557522124,1582,2205,1582,0.2920353982300885,0.0,0.0,0.0,0.4288337924701561,0.14601769911504425,0.3939393939393939,13,0.12389380531,True,primary_disconnected|three_slice_smoothed_central_minimum_is_zero
12281,missing,False,y,18.0,16.0,1.0,13.0,15.0,2.0,13.0,False,0.0,0.0,0,0,0,0.0,0.0,0.0,,1.0,0.0,0.0,0,0.0,False,primary_disconnected|three_slice_smoothed_central_minimum_is_zero
12286,missing,False,y,18.0,15.0,2.0,13.0,15.0,1.0,14.0,False,0.0,0.0,0,0,0,0.0,0.0,0.0,,1.0,0.0,0.0,0,0.0,False,primary_disconnected|three_slice_smoothed_central_minimum_is_zero
12352,missing,False,y,18.0,2.0,3.0,13.0,3.0,3.0,14.0,False,0.345132743363,0.300884955752,1783,2001,1783,0.30796460176991153,0.0,0.0,0.0,0.43120863810518983,0.15398230088495576,0.45454545454545453,12,0.300884955752,True,primary_disconnected|three_slice_smoothed_central_minimum_is_zero
12488,missing,False,y,18.0,14.0,2.0,12.0,14.0,3.0,13.0,False,0.0,0.0,0,0,0,0.0,0.0,0.0,,1.0,0.0,0.0,0,0.0,False,primary_disconnected|three_slice_smoothed_central_minimum_is_zero
12578,missing,False,y,18.0,4.0,5.0,13.0,3.0,5.0,14.0,False,0.349557522124,0.0,2352,0,0,0.36814159292035403,0.0,0.0,0.0,0.4533799533799534,0.18407079646017702,0.45454545454545453,15,0.0,False,primary_disconnected|three_slice_smoothed_central_minimum_is_zero
12619,missing,False,y,18.0,8.0,4.0,14.0,7.0,4.0,13.0,False,0.0,0.0,0,0,0,0.0,0.0,0.0,,1.0,0.0,0.0,0,0.0,False,primary_disconnected|three_slice_smoothed_central_minimum_is_zero
12639,missing,False,y,18.0,8.0,4.0,14.0,8.0,5.0,13.0,False,0.0,0.0,0,0,0,0.0,0.0,0.0,,1.0,0.0,0.0,0,0.0,False,primary_disconnected|three_slice_smoothed_central_minimum_is_zero
12709,missing,False,y,18.0,14.0,6.0,12.0,14.0,5.0,13.0,False,0.0,0.0,0,0,0,0.0,0.0,0.0,,1.0,0.0,0.0,0,0.0,False,primary_disconnected|three_slice_smoothed_central_minimum_is_zero
12960,missing,False,y,18.0,16.0,6.0,12.0,17.0,6.0,13.0,False,0.230088495575,0.305309734513,1931,1715,1715,0.24601769911504426,0.0,0.0,0.0,0.44277305428384567,0.12300884955752213,0.36363636363636365,11,0.230088495575,True,primary_disconnected|three_slice_smoothed_central_minimum_is_zero
13061,missing,False,y,18.0,6.0,9.0,13.0,7.0,9.0,12.0,False,0.0,0.0,0,0,0,0.0,0.0,0.0,,1.0,0.0,0.0,0,0.0,False,primary_disconnected|three_slice_smoothed_central_minimum_is_zero
13107,missing,False,y,18.0,12.0,8.0,14.0,11.0,8.0,13.0,False,0.070796460177,0.358407079646,1517,2104,1517,0.2991150442477876,0.0,0.0,0.0,0.5336202259279181,0.1495575221238938,0.48484848484848486,15,0.070796460177,True,primary_disconnected|three_slice_smoothed_central_minimum_is_zero
13232,missing,False,y,18.0,2.0,11.0,13.0,3.0,11.0,14.0,False,0.0,0.0,0,0,0,0.0,0.0,0.0,,1.0,0.0,0.0,0,0.0,False,primary_disconnected|three_slice_smoothed_central_minimum_is_zero
13345,missing,False,y,18.0,12.0,12.0,12.0,12.0,11.0,13.0,False,0.0,0.0,0,0,0,0.0,0.0,0.0,,1.0,0.0,0.0,0,0.0,False,primary_disconnected|three_slice_smoothed_central_minimum_is_zero
13452,missing,False,y,18.0,2.0,13.0,13.0,3.0,13.0,14.0,False,0.0,0.0,0,0,0,0.0,0.0,0.0,,1.0,0.0,0.0,0,0.0,False,primary_disconnected|three_slice_smoothed_central_minimum_is_zero
13638,missing,False,y,18.0,2.0,16.0,12.0,1.0,15.0,12.0,False,0.0,0.0,0,0,0,0.0,0.0,0.0,,1.0,0.0,0.0,0,0.0,False,primary_disconnected|three_slice_smoothed_central_minimum_is_zero
13644,missing,False,y,18.0,0.0,14.0,12.0,1.0,14.0,13.0,False,0.12389380531,0.265486725664,1258,2083,1258,0.26548672566371684,0.0,0.0,0.0,0.4080808080808081,0.13274336283185842,0.3333333333333333,9,0.12389380531,True,primary_disconnected|three_slice_smoothed_central_minimum_is_zero
13663,missing,False,y,18.0,2.0,16.0,12.0,3.0,15.0,12.0,False,0.0,0.0,0,0,0,0.0,0.0,0.0,,1.0,0.0,0.0,0,0.0,False,primary_disconnected|three_slice_smoothed_central_minimum_is_zero
13665,missing,False,y,18.0,2.0,16.0,12.0,2.0,15.0,13.0,False,0.0,0.0,0,0,0,0.0,0.0,0.0,,1.0,0.0,0.0,0,0.0,False,primary_disconnected|three_slice_smoothed_central_minimum_is_zero
13857,missing,False,y,18.0,2.0,16.0,12.0,1.0,17.0,12.0,False,0.0,0.0,0,0,0,0.0,0.0,0.0,,1.0,0.0,0.0,0,0.0,False,primary_disconnected|three_slice_smoothed_central_minimum_is_zero
13865,missing,False,y,18.0,2.0,16.0,12.0,1.0,16.0,13.0,False,0.0,0.0,0,0,0,0.0,0.0,0.0,,1.0,0.0,0.0,0,0.0,False,primary_disconnected|three_slice_smoothed_central_minimum_is_zero
13868,missing,True,y,18.0,2.0,18.0,12.0,1.0,18.0,13.0,False,0.0,0.0,0,0,0,0.0,0.0,0.0,,1.0,0.0,0.0,0,0.0,False,primary_disconnected|three_slice_smoothed_central_minimum_is_zero
13869,missing,True,y,18.0,0.0,18.0,12.0,1.0,18.0,13.0,False,0.0,0.0,0,0,0,0.0,0.0,0.0,,1.0,0.0,0.0,0,0.0,False,primary_disconnected|three_slice_smoothed_central_minimum_is_zero
13870,missing,True,y,18.0,0.0,18.0,14.0,1.0,18.0,13.0,False,0.0,0.0,0,0,0,0.0,0.0,0.0,,1.0,0.0,0.0,0,0.0,False,primary_disconnected|three_slice_smoothed_central_minimum_is_zero
13871,missing,True,y,18.0,2.0,18.0,14.0,1.0,18.0,13.0,False,0.0,0.0,0,0,0,0.0,0.0,0.0,,1.0,0.0,0.0,0,0.0,False,primary_disconnected|three_slice_smoothed_central_minimum_is_zero
13884,missing,False,y,18.0,2.0,16.0,12.0,3.0,17.0,12.0,False,0.0,0.0,0,0,0,0.0,0.0,0.0,,1.0,0.0,0.0,0,0.0,False,primary_disconnected|three_slice_smoothed_central_minimum_is_zero
13888,missing,False,y,18.0,2.0,16.0,12.0,2.0,17.0,13.0,False,0.0,0.0,0,0,0,0.0,0.0,0.0,,1.0,0.0,0.0,0,0.0,False,primary_disconnected|three_slice_smoothed_central_minimum_is_zero
13892,missing,False,y,18.0,2.0,16.0,12.0,3.0,16.0,13.0,False,0.0,0.0,0,0,0,0.0,0.0,0.0,,1.0,0.0,0.0,0,0.0,False,primary_disconnected|three_slice_smoothed_central_minimum_is_zero
13896,missing,True,y,18.0,4.0,18.0,12.0,3.0,18.0,13.0,False,0.0,0.0,0,0,0,0.0,0.0,0.0,,1.0,0.0,0.0,0,0.0,False,primary_disconnected|three_slice_smoothed_central_minimum_is_zero
13897,missing,True,y,18.0,2.0,18.0,12.0,3.0,18.0,13.0,False,0.0,0.0,0,0,0,0.0,0.0,0.0,,1.0,0.0,0.0,0,0.0,False,primary_disconnected|three_slice_smoothed_central_minimum_is_zero
13898,missing,True,y,18.0,2.0,18.0,14.0,3.0,18.0,13.0,False,0.0,0.0,0,0,0,0.0,0.0,0.0,,1.0,0.0,0.0,0,0.0,False,primary_disconnected|three_slice_smoothed_central_minimum_is_zero
13899,missing,True,y,18.0,4.0,18.0,14.0,3.0,18.0,13.0,False,0.0,0.0,0,0,0,0.0,0.0,0.0,,1.0,0.0,0.0,0,0.0,False,primary_disconnected|three_slice_smoothed_central_minimum_is_zero
13924,missing,True,y,18.0,6.0,18.0,12.0,5.0,18.0,13.0,False,0.0,0.0,0,0,0,0.0,0.0,0.0,,1.0,0.0,0.0,0,0.0,False,primary_disconnected|three_slice_smoothed_central_minimum_is_zero
13925,missing,True,y,18.0,4.0,18.0,12.0,5.0,18.0,13.0,False,0.0,0.0,0,0,0,0.0,0.0,0.0,,1.0,0.0,0.0,0,0.0,False,primary_disconnected|three_slice_smoothed_central_minimum_is_zero
13926,missing,True,y,18.0,4.0,18.0,14.0,5.0,18.0,13.0,False,0.0,0.0,0,0,0,0.0,0.0,0.0,,1.0,0.0,0.0,0,0.0,False,primary_disconnected|three_slice_smoothed_central_minimum_is_zero
13927,missing,True,y,18.0,6.0,18.0,14.0,5.0,18.0,13.0,False,0.00442477876106,0.0,0,0,0,0.0,0.0,0.0,,1.0,0.0,0.0,0,0.0,False,primary_disconnected|three_slice_smoothed_central_minimum_is_zero
13952,missing,True,y,18.0,8.0,18.0,12.0,7.0,18.0,13.0,False,0.0,0.0,0,0,0,0.0,0.0,0.0,,1.0,0.0,0.0,0,0.0,False,primary_disconnected|three_slice_smoothed_central_minimum_is_zero
13953,missing,True,y,18.0,6.0,18.0,12.0,7.0,18.0,13.0,False,0.0,0.0,0,0,0,0.0,0.0,0.0,,1.0,0.0,0.0,0,0.0,False,primary_disconnected|three_slice_smoothed_central_minimum_is_zero
13954,missing,True,y,18.0,6.0,18.0,14.0,7.0,18.0,13.0,False,0.0,0.0,0,0,0,0.0,0.0,0.0,,1.0,0.0,0.0,0,0.0,False,primary_disconnected|three_slice_smoothed_central_minimum_is_zero
13955,missing,True,y,18.0,8.0,18.0,14.0,7.0,18.0,13.0,False,0.0,0.0,0,0,0,0.0,0.0,0.0,,1.0,0.0,0.0,0,0.0,False,primary_disconnected|three_slice_smoothed_central_minimum_is_zero
13980,missing,True,y,18.0,10.0,18.0,12.0,9.0,18.0,13.0,False,0.0,0.0,0,0,0,0.0,0.0,0.0,,1.0,0.0,0.0,0,0.0,False,primary_disconnected|three_slice_smoothed_central_minimum_is_zero
13981,missing,True,y,18.0,8.0,18.0,12.0,9.0,18.0,13.0,False,0.0,0.0,0,0,0,0.0,0.0,0.0,,1.0,0.0,0.0,0,0.0,False,primary_disconnected|three_slice_smoothed_central_minimum_is_zero
13982,missing,True,y,18.0,8.0,18.0,14.0,9.0,18.0,13.0,False,0.0,0.0,0,0,0,0.0,0.0,0.0,,1.0,0.0,0.0,0,0.0,False,primary_disconnected|three_slice_smoothed_central_minimum_is_zero
13983,missing,True,y,18.0,10.0,18.0,14.0,9.0,18.0,13.0,False,0.0,0.0,0,0,0,0.0,0.0,0.0,,1.0,0.0,0.0,0,0.0,False,primary_disconnected|three_slice_smoothed_central_minimum_is_zero
14008,missing,True,y,18.0,12.0,18.0,12.0,11.0,18.0,13.0,False,0.0,0.0,0,0,0,0.0,0.0,0.0,,1.0,0.0,0.0,0,0.0,False,primary_disconnected|three_slice_smoothed_central_minimum_is_zero
14009,missing,True,y,18.0,10.0,18.0,12.0,11.0,18.0,13.0,False,0.0,0.0,0,0,0,0.0,0.0,0.0,,1.0,0.0,0.0,0,0.0,False,primary_disconnected|three_slice_smoothed_central_minimum_is_zero
14010,missing,True,y,18.0,10.0,18.0,14.0,11.0,18.0,13.0,False,0.0,0.0,0,0,0,0.0,0.0,0.0,,1.0,0.0,0.0,0,0.0,False,primary_disconnected|three_slice_smoothed_central_minimum_is_zero
14011,missing,True,y,18.0,12.0,18.0,14.0,11.0,18.0,13.0,False,0.0,0.0,0,0,0,0.0,0.0,0.0,,1.0,0.0,0.0,0,0.0,False,primary_disconnected|three_slice_smoothed_central_minimum_is_zero
14036,missing,True,y,18.0,14.0,18.0,12.0,13.0,18.0,13.0,False,0.0,0.0,0,0,0,0.0,0.0,0.0,,1.0,0.0,0.0,0,0.0,False,primary_disconnected|three_slice_smoothed_central_minimum_is_zero
14037,missing,True,y,18.0,12.0,18.0,12.0,13.0,18.0,13.0,False,0.0,0.0973451327434,0,0,0,0.0,0.0,0.0,,1.0,0.0,0.0,0,0.0,False,primary_disconnected|three_slice_smoothed_central_minimum_is_zero
14038,missing,True,y,18.0,12.0,18.0,14.0,13.0,18.0,13.0,False,0.0,0.0929203539823,0,0,0,0.0,0.0,0.0,,1.0,0.0,0.0,0,0.0,False,primary_disconnected|three_slice_smoothed_central_minimum_is_zero
14039,missing,True,y,18.0,14.0,18.0,14.0,13.0,18.0,13.0,False,0.0,0.0,0,0,0,0.0,0.0,0.0,,1.0,0.0,0.0,0,0.0,False,primary_disconnected|three_slice_smoothed_central_minimum_is_zero
14064,missing,True,y,18.0,16.0,18.0,12.0,15.0,18.0,13.0,False,0.0,0.0,0,0,0,0.0,0.0,0.0,,1.0,0.0,0.0,0,0.0,False,primary_disconnected|three_slice_smoothed_central_minimum_is_zero
14065,missing,True,y,18.0,14.0,18.0,12.0,15.0,18.0,13.0,False,0.0,0.0914454277286,0,0,0,0.0,0.0,0.0,,1.0,0.0,0.0,0,0.0,False,primary_disconnected|three_slice_smoothed_central_minimum_is_zero
14066,missing,True,y,18.0,14.0,18.0,14.0,15.0,18.0,13.0,False,0.0,0.159292035398,0,0,0,0.0,0.0,0.0,,1.0,0.0,0.0,0,0.0,False,primary_disconnected|three_slice_smoothed_central_minimum_is_zero
14067,missing,True,y,18.0,16.0,18.0,14.0,15.0,18.0,13.0,False,0.0,0.0,0,0,0,0.0,0.0,0.0,,1.0,0.0,0.0,0,0.0,False,primary_disconnected|three_slice_smoothed_central_minimum_is_zero
14096,missing,True,y,18.0,18.0,18.0,12.0,17.0,18.0,13.0,False,0.0,0.0,0,0,0,0.0,0.0,0.0,,1.0,0.0,0.0,0,0.0,False,primary_disconnected|three_slice_smoothed_central_minimum_is_zero
14097,missing,True,y,18.0,16.0,18.0,12.0,17.0,18.0,13.0,False,0.0,0.0,0,0,0,0.0,0.0,0.0,,1.0,0.0,0.0,0,0.0,False,primary_disconnected|three_slice_smoothed_central_minimum_is_zero
14098,missing,True,y,18.0,16.0,18.0,14.0,17.0,18.0,13.0,False,0.0,0.0,0,0,0,0.0,0.0,0.0,,1.0,0.0,0.0,0,0.0,False,primary_disconnected|three_slice_smoothed_central_minimum_is_zero
14099,missing,True,y,18.0,18.0,18.0,14.0,17.0,18.0,13.0,False,0.0,0.0,0,0,0,0.0,0.0,0.0,,1.0,0.0,0.0,0,0.0,False,primary_disconnected|three_slice_smoothed_central_minimum_is_zero
14119,missing,False,y,18.0,0.0,0.0,16.0,0.0,1.0,15.0,False,0.0,0.0,0,0,0,0.0,0.0,0.0,,1.0,0.0,0.0,0,0.0,False,primary_disconnected|three_slice_smoothed_central_minimum_is_zero
14210,missing,False,y,18.0,10.0,2.0,14.0,9.0,1.0,14.0,False,0.0,0.0,0,0,0,0.0,0.0,0.0,,1.0,0.0,0.0,0,0.0,False,primary_disconnected|three_slice_smoothed_central_minimum_is_zero
14292,missing,False,y,18.0,14.0,1.0,15.0,15.0,1.0,16.0,False,0.225663716814,0.0,1994,0,0,0.1920353982300885,0.0,0.0,0.0,0.44456492274329085,0.09601769911504425,0.4117647058823529,14,0.0,False,primary_disconnected|three_slice_smoothed_central_minimum_is_zero
14295,missing,False,y,18.0,14.0,1.0,15.0,15.0,0.0,15.0,False,0.0796460176991,0.101769911504,1484,1646,1484,0.13982300884955753,0.0,0.0,0.0,0.28423475258918296,0.06991150442477877,0.18181818181818182,6,0.0796460176991,True,primary_disconnected|three_slice_smoothed_central_minimum_is_zero
14296,missing,False,y,18.0,16.0,1.0,15.0,15.0,1.0,14.0,False,0.0,0.0,0,0,0,0.0,0.0,0.0,,1.0,0.0,0.0,0,0.0,False,primary_disconnected|three_slice_smoothed_central_minimum_is_zero
14297,missing,False,y,18.0,16.0,1.0,15.0,15.0,2.0,15.0,False,0.0,0.0,0,0,0,0.0,0.0,0.0,,1.0,0.0,0.0,0,0.0,False,primary_disconnected|three_slice_smoothed_central_minimum_is_zero
14487,missing,False,y,18.0,14.0,2.0,16.0,13.0,2.0,15.0,False,0.0,0.300884955752,0,2126,0,0.2831858407079646,0.0,0.0,0.0,0.4621212121212121,0.1415929203539823,0.45454545454545453,15,0.0,False,primary_disconnected|three_slice_smoothed_central_minimum_is_zero
14488,missing,False,y,18.0,12.0,3.0,15.0,13.0,3.0,16.0,False,0.345132743363,0.367256637168,1699,2169,1699,0.3433628318584071,0.0,0.0,0.0,0.4523586379256483,0.17168141592920355,0.36363636363636365,12,0.345132743363,True,primary_disconnected|three_slice_smoothed_central_minimum_is_zero
14576,missing,False,y,18.0,2.0,4.0,14.0,3.0,5.0,14.0,False,0.0,0.0,0,0,0,0.0,0.0,0.0,,1.0,0.0,0.0,0,0.0,False,primary_disconnected|three_slice_smoothed_central_minimum_is_zero
14625,missing,False,y,18.0,8.0,4.0,14.0,7.0,5.0,14.0,False,0.0,0.0,0,0,0,0.0,0.0,0.0,,1.0,0.0,0.0,0,0.0,False,primary_disconnected|three_slice_smoothed_central_minimum_is_zero
14637,missing,False,y,18.0,6.0,5.0,15.0,7.0,5.0,14.0,False,0.0,0.0,0,0,0,0.0,0.0,0.0,,1.0,0.0,0.0,0,0.0,False,primary_disconnected|three_slice_smoothed_central_minimum_is_zero
15386,missing,False,y,18.0,14.0,12.0,16.0,14.0,11.0,15.0,False,0.0,0.0,0,0,0,0.0,0.0,0.0,,1.0,0.0,0.0,0,0.0,False,primary_disconnected|three_slice_smoothed_central_minimum_is_zero
15629,missing,False,y,18.0,16.0,14.0,14.0,16.0,13.0,15.0,False,0.0,0.0,0,0,0,0.0,0.0,0.0,,1.0,0.0,0.0,0,0.0,False,primary_disconnected|three_slice_smoothed_central_minimum_is_zero
15660,missing,False,y,18.0,0.0,14.0,14.0,1.0,14.0,15.0,False,0.0,0.318584070796,0,2049,0,0.24778761061946902,0.0,0.0,0.0,0.43831168831168826,0.12389380530973451,0.36363636363636365,11,0.0,False,primary_disconnected|three_slice_smoothed_central_minimum_is_zero
15712,missing,False,y,18.0,4.0,15.0,15.0,5.0,15.0,16.0,False,0.0,0.0,0,0,0,0.0,0.0,0.0,,1.0,0.0,0.0,0,0.0,False,primary_disconnected|three_slice_smoothed_central_minimum_is_zero
15884,missing,True,y,18.0,2.0,18.0,14.0,1.0,18.0,15.0,False,0.0,0.0,0,0,0,0.0,0.0,0.0,,1.0,0.0,0.0,0,0.0,False,primary_disconnected|three_slice_smoothed_central_minimum_is_zero
15885,missing,True,y,18.0,0.0,18.0,14.0,1.0,18.0,15.0,False,0.0,0.0,0,0,0,0.0,0.0,0.0,,1.0,0.0,0.0,0,0.0,False,primary_disconnected|three_slice_smoothed_central_minimum_is_zero
15886,missing,True,y,18.0,0.0,18.0,16.0,1.0,18.0,15.0,False,0.0,0.0,0,0,0,0.0,0.0,0.0,,1.0,0.0,0.0,0,0.0,False,primary_disconnected|three_slice_smoothed_central_minimum_is_zero
15887,missing,True,y,18.0,2.0,18.0,16.0,1.0,18.0,15.0,False,0.0,0.0,0,0,0,0.0,0.0,0.0,,1.0,0.0,0.0,0,0.0,False,primary_disconnected|three_slice_smoothed_central_minimum_is_zero
15912,missing,True,y,18.0,4.0,18.0,14.0,3.0,18.0,15.0,False,0.0,0.0,0,0,0,0.0,0.0,0.0,,1.0,0.0,0.0,0,0.0,False,primary_disconnected|three_slice_smoothed_central_minimum_is_zero
15913,missing,True,y,18.0,2.0,18.0,14.0,3.0,18.0,15.0,False,0.0,0.0,0,0,0,0.0,0.0,0.0,,1.0,0.0,0.0,0,0.0,False,primary_disconnected|three_slice_smoothed_central_minimum_is_zero
15914,missing,True,y,18.0,2.0,18.0,16.0,3.0,18.0,15.0,False,0.0,0.0,0,0,0,0.0,0.0,0.0,,1.0,0.0,0.0,0,0.0,False,primary_disconnected|three_slice_smoothed_central_minimum_is_zero
15915,missing,True,y,18.0,4.0,18.0,16.0,3.0,18.0,15.0,False,0.0,0.0,0,0,0,0.0,0.0,0.0,,1.0,0.0,0.0,0,0.0,False,primary_disconnected|three_slice_smoothed_central_minimum_is_zero
15939,missing,False,y,18.0,6.0,16.0,16.0,5.0,16.0,15.0,False,0.0,0.0,0,0,0,0.0,0.0,0.0,,1.0,0.0,0.0,0,0.0,False,primary_disconnected|three_slice_smoothed_central_minimum_is_zero
15940,missing,True,y,18.0,6.0,18.0,14.0,5.0,18.0,15.0,False,0.0,0.0,0,0,0,0.0,0.0,0.0,,1.0,0.0,0.0,0,0.0,False,primary_disconnected|three_slice_smoothed_central_minimum_is_zero
15941,missing,True,y,18.0,4.0,18.0,14.0,5.0,18.0,15.0,False,0.0,0.0,0,0,0,0.0,0.0,0.0,,1.0,0.0,0.0,0,0.0,False,primary_disconnected|three_slice_smoothed_central_minimum_is_zero
15942,missing,True,y,18.0,4.0,18.0,16.0,5.0,18.0,15.0,False,0.0,0.0,0,0,0,0.0,0.0,0.0,,1.0,0.0,0.0,0,0.0,False,primary_disconnected|three_slice_smoothed_central_minimum_is_zero
15943,missing,True,y,18.0,6.0,18.0,16.0,5.0,18.0,15.0,False,0.0,0.0,0,0,0,0.0,0.0,0.0,,1.0,0.0,0.0,0,0.0,False,primary_disconnected|three_slice_smoothed_central_minimum_is_zero
15968,missing,True,y,18.0,8.0,18.0,14.0,7.0,18.0,15.0,False,0.0,0.0,0,0,0,0.0,0.0,0.0,,1.0,0.0,0.0,0,0.0,False,primary_disconnected|three_slice_smoothed_central_minimum_is_zero
15969,missing,True,y,18.0,6.0,18.0,14.0,7.0,18.0,15.0,False,0.0,0.0,0,0,0,0.0,0.0,0.0,,1.0,0.0,0.0,0,0.0,False,primary_disconnected|three_slice_smoothed_central_minimum_is_zero
15970,missing,True,y,18.0,6.0,18.0,16.0,7.0,18.0,15.0,False,0.0,0.0,0,0,0,0.0,0.0,0.0,,1.0,0.0,0.0,0,0.0,False,primary_disconnected|three_slice_smoothed_central_minimum_is_zero
15971,missing,True,y,18.0,8.0,18.0,16.0,7.0,18.0,15.0,False,0.0,0.0,0,0,0,0.0,0.0,0.0,,1.0,0.0,0.0,0,0.0,False,primary_disconnected|three_slice_smoothed_central_minimum_is_zero
15996,missing,True,y,18.0,10.0,18.0,14.0,9.0,18.0,15.0,False,0.0,0.0,0,0,0,0.0,0.0,0.0,,1.0,0.0,0.0,0,0.0,False,primary_disconnected|three_slice_smoothed_central_minimum_is_zero
15997,missing,True,y,18.0,8.0,18.0,14.0,9.0,18.0,15.0,False,0.0,0.0,0,0,0,0.0,0.0,0.0,,1.0,0.0,0.0,0,0.0,False,primary_disconnected|three_slice_smoothed_central_minimum_is_zero
15998,missing,True,y,18.0,8.0,18.0,16.0,9.0,18.0,15.0,False,0.0,0.0,0,0,0,0.0,0.0,0.0,,1.0,0.0,0.0,0,0.0,False,primary_disconnected|three_slice_smoothed_central_minimum_is_zero
15999,missing,True,y,18.0,10.0,18.0,16.0,9.0,18.0,15.0,False,0.0,0.0,0,0,0,0.0,0.0,0.0,,1.0,0.0,0.0,0,0.0,False,primary_disconnected|three_slice_smoothed_central_minimum_is_zero
16024,missing,True,y,18.0,12.0,18.0,14.0,11.0,18.0,15.0,False,0.0,0.0,0,0,0,0.0,0.0,0.0,,1.0,0.0,0.0,0,0.0,False,primary_disconnected|three_slice_smoothed_central_minimum_is_zero
16025,missing,True,y,18.0,10.0,18.0,14.0,11.0,18.0,15.0,False,0.0,0.0,0,0,0,0.0,0.0,0.0,,1.0,0.0,0.0,0,0.0,False,primary_disconnected|three_slice_smoothed_central_minimum_is_zero
16026,missing,True,y,18.0,10.0,18.0,16.0,11.0,18.0,15.0,False,0.0,0.0,0,0,0,0.0,0.0,0.0,,1.0,0.0,0.0,0,0.0,False,primary_disconnected|three_slice_smoothed_central_minimum_is_zero
16027,missing,True,y,18.0,12.0,18.0,16.0,11.0,18.0,15.0,False,0.0,0.0,0,0,0,0.0,0.0,0.0,,1.0,0.0,0.0,0,0.0,False,primary_disconnected|three_slice_smoothed_central_minimum_is_zero
16052,missing,True,y,18.0,14.0,18.0,14.0,13.0,18.0,15.0,False,0.0,0.0,0,0,0,0.0,0.0,0.0,,1.0,0.0,0.0,0,0.0,False,primary_disconnected|three_slice_smoothed_central_minimum_is_zero
16053,missing,True,y,18.0,12.0,18.0,14.0,13.0,18.0,15.0,False,0.0,0.0,0,0,0,0.0,0.0,0.0,,1.0,0.0,0.0,0,0.0,False,primary_disconnected|three_slice_smoothed_central_minimum_is_zero
16054,missing,True,y,18.0,12.0,18.0,16.0,13.0,18.0,15.0,False,0.0,0.0,0,0,0,0.0,0.0,0.0,,1.0,0.0,0.0,0,0.0,False,primary_disconnected|three_slice_smoothed_central_minimum_is_zero
16055,missing,True,y,18.0,14.0,18.0,16.0,13.0,18.0,15.0,False,0.0,0.0,0,0,0,0.0,0.0,0.0,,1.0,0.0,0.0,0,0.0,False,primary_disconnected|three_slice_smoothed_central_minimum_is_zero
16080,missing,True,y,18.0,16.0,18.0,14.0,15.0,18.0,15.0,False,0.0,0.0,0,0,0,0.0,0.0,0.0,,1.0,0.0,0.0,0,0.0,False,primary_disconnected|three_slice_smoothed_central_minimum_is_zero
16081,missing,True,y,18.0,14.0,18.0,14.0,15.0,18.0,15.0,False,0.0,0.0,0,0,0,0.0,0.0,0.0,,1.0,0.0,0.0,0,0.0,False,primary_disconnected|three_slice_smoothed_central_minimum_is_zero
16082,missing,True,y,18.0,14.0,18.0,16.0,15.0,18.0,15.0,False,0.0,0.0,0,0,0,0.0,0.0,0.0,,1.0,0.0,0.0,0,0.0,False,primary_disconnected|three_slice_smoothed_central_minimum_is_zero
16083,missing,True,y,18.0,16.0,18.0,16.0,15.0,18.0,15.0,False,0.0,0.0,0,0,0,0.0,0.0,0.0,,1.0,0.0,0.0,0,0.0,False,primary_disconnected|three_slice_smoothed_central_minimum_is_zero
16105,missing,True,y,18.0,18.0,18.0,14.0,18.0,17.0,15.0,False,0.0,0.182890855457,0,1330,0,0.10530973451327424,0.0,0.0,0.0,0.8823529411764706,0.05265486725663712,0.8823529411764706,30,0.0,False,primary_disconnected|three_slice_smoothed_central_minimum_is_zero
16112,missing,True,y,18.0,18.0,18.0,14.0,17.0,18.0,15.0,False,0.0,0.0,0,0,0,0.0,0.0,0.0,,1.0,0.0,0.0,0,0.0,False,primary_disconnected|three_slice_smoothed_central_minimum_is_zero
16113,missing,True,y,18.0,16.0,18.0,14.0,17.0,18.0,15.0,False,0.0,0.0,0,0,0,0.0,0.0,0.0,,1.0,0.0,0.0,0,0.0,False,primary_disconnected|three_slice_smoothed_central_minimum_is_zero
16114,missing,True,y,18.0,16.0,18.0,16.0,17.0,18.0,15.0,False,0.0,0.0,0,0,0,0.0,0.0,0.0,,1.0,0.0,0.0,0,0.0,False,primary_disconnected|three_slice_smoothed_central_minimum_is_zero
16115,missing,True,y,18.0,18.0,18.0,16.0,17.0,18.0,15.0,False,0.0,0.0,0,0,0,0.0,0.0,0.0,,1.0,0.0,0.0,0,0.0,False,primary_disconnected|three_slice_smoothed_central_minimum_is_zero
16820,missing,False,y,18.0,12.0,4.0,16.0,13.0,4.0,17.0,False,0.0,0.0,0,0,0,0.0,0.0,0.0,,1.0,0.0,0.0,0,0.0,False,primary_disconnected|three_slice_smoothed_central_minimum_is_zero
17007,missing,False,y,18.0,7.0,8.0,17.0,7.0,7.0,16.0,False,0.0,0.0,0,0,0,0.0,0.0,0.0,,1.0,0.0,0.0,0,0.0,False,primary_disconnected|three_slice_smoothed_central_minimum_is_zero
17248,missing,False,y,18.0,6.0,8.0,16.0,7.0,8.0,17.0,False,0.261061946903,0.0,2026,0,0,0.25486725663716814,0.0,0.0,0.0,0.47579966329966333,0.12743362831858407,0.45454545454545453,15,0.0,False,primary_disconnected|three_slice_smoothed_central_minimum_is_zero
17562,missing,False,y,18.0,10.0,10.0,18.0,11.0,10.0,17.0,False,0.0619469026549,0.0,1650,0,0,0.0,0.0,0.0,,1.0,0.0,0.0,0,0.0,False,primary_disconnected|three_slice_smoothed_central_minimum_is_zero
17607,missing,False,y,18.0,14.0,12.0,16.0,15.0,11.0,16.0,False,0.0,0.0,0,0,0,0.0,0.0,0.0,,1.0,0.0,0.0,0,0.0,False,primary_disconnected|three_slice_smoothed_central_minimum_is_zero
17855,missing,False,y,18.0,13.0,12.0,17.0,13.0,13.0,16.0,False,0.0,0.0,0,0,0,0.0,0.0,0.0,,1.0,0.0,0.0,0,0.0,False,primary_disconnected|three_slice_smoothed_central_minimum_is_zero
17902,missing,False,y,18.0,18.0,12.0,18.0,18.0,13.0,17.0,False,0.0132743362832,0.190265486726,1040,1615,1040,0.17699115044247787,0.0,0.0,0.0,0.3314285714285714,0.08849557522123894,0.34285714285714286,6,0.0132743362832,False,primary_disconnected|three_slice_smoothed_central_minimum_is_zero
18192,missing,True,y,18.0,2.0,18.0,16.0,1.0,18.0,17.0,False,0.0,0.0,0,0,0,0.0,0.0,0.0,,1.0,0.0,0.0,0,0.0,False,primary_disconnected|three_slice_smoothed_central_minimum_is_zero
18193,missing,True,y,18.0,0.0,18.0,16.0,1.0,18.0,17.0,False,0.0,0.0,0,0,0,0.0,0.0,0.0,,1.0,0.0,0.0,0,0.0,False,primary_disconnected|three_slice_smoothed_central_minimum_is_zero
18194,missing,True,y,18.0,0.0,18.0,18.0,1.0,18.0,17.0,False,0.0,0.0,0,0,0,0.0,0.0,0.0,,1.0,0.0,0.0,0,0.0,False,primary_disconnected|three_slice_smoothed_central_minimum_is_zero
18195,missing,True,y,18.0,2.0,18.0,18.0,1.0,18.0,17.0,False,0.00442477876106,0.0,799,0,0,0.0,0.0,0.0,,1.0,0.0,0.0,0,0.0,False,primary_disconnected|three_slice_smoothed_central_minimum_is_zero
18200,missing,False,y,18.0,2.0,17.0,17.0,1.0,17.0,16.0,False,0.0,0.0,0,0,0,0.0,0.0,0.0,,1.0,0.0,0.0,0,0.0,False,primary_disconnected|three_slice_smoothed_central_minimum_is_zero
18224,missing,True,y,18.0,4.0,18.0,16.0,3.0,18.0,17.0,False,0.0,0.0,0,0,0,0.0,0.0,0.0,,1.0,0.0,0.0,0,0.0,False,primary_disconnected|three_slice_smoothed_central_minimum_is_zero
18225,missing,True,y,18.0,2.0,18.0,16.0,3.0,18.0,17.0,False,0.0,0.0,0,0,0,0.0,0.0,0.0,,1.0,0.0,0.0,0,0.0,False,primary_disconnected|three_slice_smoothed_central_minimum_is_zero
18226,missing,True,y,18.0,2.0,18.0,18.0,3.0,18.0,17.0,False,0.00884955752212,0.0,0,0,0,0.0,0.0,0.0,,1.0,0.0,0.0,0,0.0,False,primary_disconnected|three_slice_smoothed_central_minimum_is_zero
18227,missing,True,y,18.0,4.0,18.0,18.0,3.0,18.0,17.0,False,0.0,0.0,0,0,0,0.0,0.0,0.0,,1.0,0.0,0.0,0,0.0,False,primary_disconnected|three_slice_smoothed_central_minimum_is_zero
18238,missing,True,y,18.0,3.0,18.0,17.0,3.0,17.0,18.0,False,0.0,0.384955752212,0,2058,0,0.31504424778761064,0.0,0.0,0.0,0.7749404153898536,0.15752212389380532,0.7878787878787878,26,0.0,False,primary_disconnected|three_slice_smoothed_central_minimum_is_zero
18249,missing,True,y,18.0,4.0,18.0,16.0,4.0,17.0,17.0,False,0.0,0.200589970501,0,1596,0,0.0,0.0,0.0,,1.0,0.0,0.0,0,0.0,False,primary_disconnected|three_slice_smoothed_central_minimum_is_zero
18252,missing,False,y,18.0,4.0,16.0,16.0,5.0,16.0,17.0,False,0.0973451327434,0.238938053097,1537,2193,1537,0.26548672566371684,0.0,0.0,0.0,0.34242424242424246,0.13274336283185842,0.2727272727272727,9,0.0973451327434,True,primary_disconnected|three_slice_smoothed_central_minimum_is_zero
18256,missing,True,y,18.0,6.0,18.0,16.0,5.0,18.0,17.0,False,0.0,0.0,0,0,0,0.0,0.0,0.0,,1.0,0.0,0.0,0,0.0,False,primary_disconnected|three_slice_smoothed_central_minimum_is_zero
18257,missing,True,y,18.0,4.0,18.0,16.0,5.0,18.0,17.0,False,0.0,0.0,0,0,0,0.0,0.0,0.0,,1.0,0.0,0.0,0,0.0,False,primary_disconnected|three_slice_smoothed_central_minimum_is_zero
18258,missing,True,y,18.0,4.0,18.0,18.0,5.0,18.0,17.0,False,0.00884955752212,0.0,0,0,0,0.11061946902654868,0.0,0.0,0.0,0.8644444444444445,0.05530973451327434,0.8611111111111112,25,0.0,False,primary_disconnected|three_slice_smoothed_central_minimum_is_zero
18259,missing,True,y,18.0,6.0,18.0,18.0,5.0,18.0,17.0,False,0.00442477876106,0.0,971,0,0,0.0,0.0,0.0,,1.0,0.0,0.0,0,0.0,False,primary_disconnected|three_slice_smoothed_central_minimum_is_zero
18270,missing,True,y,18.0,5.0,18.0,17.0,5.0,17.0,18.0,False,0.0,0.433628318584,0,2212,0,0.2955752212389381,0.0,0.0,0.0,0.6510615133369624,0.14778761061946905,0.6363636363636364,21,0.0,False,primary_disconnected|three_slice_smoothed_central_minimum_is_zero
18274,missing,True,y,18.0,8.0,18.0,16.0,7.0,17.0,16.0,False,0.0,0.0,0,0,0,0.0,0.0,0.0,,1.0,0.0,0.0,0,0.0,False,primary_disconnected|three_slice_smoothed_central_minimum_is_zero
18288,missing,True,y,18.0,8.0,18.0,16.0,7.0,18.0,17.0,False,0.0,0.0,0,0,0,0.0,0.0,0.0,,1.0,0.0,0.0,0,0.0,False,primary_disconnected|three_slice_smoothed_central_minimum_is_zero
18289,missing,True,y,18.0,6.0,18.0,16.0,7.0,18.0,17.0,False,0.0,0.0,0,0,0,0.0,0.0,0.0,,1.0,0.0,0.0,0,0.0,False,primary_disconnected|three_slice_smoothed_central_minimum_is_zero
18290,missing,True,y,18.0,6.0,18.0,18.0,7.0,18.0,17.0,False,0.0132743362832,0.0,0,0,0,0.0,0.0,0.0,,1.0,0.0,0.0,0,0.0,False,primary_disconnected|three_slice_smoothed_central_minimum_is_zero
18291,missing,True,y,18.0,8.0,18.0,18.0,7.0,18.0,17.0,False,0.0,0.0,0,0,0,0.0,0.0,0.0,,1.0,0.0,0.0,0,0.0,False,primary_disconnected|three_slice_smoothed_central_minimum_is_zero
18320,missing,True,y,18.0,10.0,18.0,16.0,9.0,18.0,17.0,False,0.0,0.0,0,0,0,0.0,0.0,0.0,,1.0,0.0,0.0,0,0.0,False,primary_disconnected|three_slice_smoothed_central_minimum_is_zero
18321,missing,True,y,18.0,8.0,18.0,16.0,9.0,18.0,17.0,False,0.0,0.0,0,0,0,0.0,0.0,0.0,,1.0,0.0,0.0,0,0.0,False,primary_disconnected|three_slice_smoothed_central_minimum_is_zero
18322,missing,True,y,18.0,8.0,18.0,18.0,9.0,18.0,17.0,False,0.0132743362832,0.0,0,0,0,0.0,0.0,0.0,,1.0,0.0,0.0,0,0.0,False,primary_disconnected|three_slice_smoothed_central_minimum_is_zero
18323,missing,True,y,18.0,10.0,18.0,18.0,9.0,18.0,17.0,False,0.0,0.0,0,0,0,0.0,0.0,0.0,,1.0,0.0,0.0,0,0.0,False,primary_disconnected|three_slice_smoothed_central_minimum_is_zero
18352,missing,True,y,18.0,12.0,18.0,16.0,11.0,18.0,17.0,False,0.0,0.0,0,0,0,0.0,0.0,0.0,,1.0,0.0,0.0,0,0.0,False,primary_disconnected|three_slice_smoothed_central_minimum_is_zero
18353,missing,True,y,18.0,10.0,18.0,16.0,11.0,18.0,17.0,False,0.0,0.0,0,0,0,0.0,0.0,0.0,,1.0,0.0,0.0,0,0.0,False,primary_disconnected|three_slice_smoothed_central_minimum_is_zero
18354,missing,True,y,18.0,10.0,18.0,18.0,11.0,18.0,17.0,False,0.00442477876106,0.0,986,0,0,0.0,0.0,0.0,,1.0,0.0,0.0,0,0.0,False,primary_disconnected|three_slice_smoothed_central_minimum_is_zero
18355,missing,True,y,18.0,12.0,18.0,18.0,11.0,18.0,17.0,False,0.0,0.0,0,0,0,0.0,0.0,0.0,,1.0,0.0,0.0,0,0.0,False,primary_disconnected|three_slice_smoothed_central_minimum_is_zero
18384,missing,True,y,18.0,14.0,18.0,16.0,13.0,18.0,17.0,False,0.0,0.0,0,0,0,0.0,0.0,0.0,,1.0,0.0,0.0,0,0.0,False,primary_disconnected|three_slice_smoothed_central_minimum_is_zero
18385,missing,True,y,18.0,12.0,18.0,16.0,13.0,18.0,17.0,False,0.0,0.0,0,0,0,0.0,0.0,0.0,,1.0,0.0,0.0,0,0.0,False,primary_disconnected|three_slice_smoothed_central_minimum_is_zero
18386,missing,True,y,18.0,12.0,18.0,18.0,13.0,18.0,17.0,False,0.0,0.0,0,0,0,0.0,0.0,0.0,,1.0,0.0,0.0,0,0.0,False,primary_disconnected|three_slice_smoothed_central_minimum_is_zero
18387,missing,True,y,18.0,14.0,18.0,18.0,13.0,18.0,17.0,False,0.0,0.0,0,0,0,0.0,0.0,0.0,,1.0,0.0,0.0,0,0.0,False,primary_disconnected|three_slice_smoothed_central_minimum_is_zero
18416,missing,True,y,18.0,16.0,18.0,16.0,15.0,18.0,17.0,False,0.0,0.0,0,0,0,0.0,0.0,0.0,,1.0,0.0,0.0,0,0.0,False,primary_disconnected|three_slice_smoothed_central_minimum_is_zero
18417,missing,True,y,18.0,14.0,18.0,16.0,15.0,18.0,17.0,False,0.0,0.0,0,0,0,0.0,0.0,0.0,,1.0,0.0,0.0,0,0.0,False,primary_disconnected|three_slice_smoothed_central_minimum_is_zero
18418,missing,True,y,18.0,14.0,18.0,18.0,15.0,18.0,17.0,False,0.0,0.0,0,0,0,0.0,0.0,0.0,,1.0,0.0,0.0,0,0.0,False,primary_disconnected|three_slice_smoothed_central_minimum_is_zero
18419,missing,True,y,18.0,16.0,18.0,18.0,15.0,18.0,17.0,False,0.0,0.0,0,0,0,0.0,0.0,0.0,,1.0,0.0,0.0,0,0.0,False,primary_disconnected|three_slice_smoothed_central_minimum_is_zero
18452,missing,True,y,18.0,18.0,18.0,16.0,17.0,18.0,17.0,False,0.0,0.0,0,0,0,0.0,0.0,0.0,,1.0,0.0,0.0,0,0.0,False,primary_disconnected|three_slice_smoothed_central_minimum_is_zero
18453,missing,True,y,18.0,16.0,18.0,16.0,17.0,18.0,17.0,False,0.0,0.0,0,0,0,0.0,0.0,0.0,,1.0,0.0,0.0,0,0.0,False,primary_disconnected|three_slice_smoothed_central_minimum_is_zero
18454,missing,True,y,18.0,16.0,18.0,18.0,17.0,18.0,17.0,False,0.0,0.0,0,0,0,0.0,0.0,0.0,,1.0,0.0,0.0,0,0.0,False,primary_disconnected|three_slice_smoothed_central_minimum_is_zero
18455,missing,True,y,18.0,18.0,18.0,18.0,17.0,18.0,17.0,False,0.0,0.0,0,0,0,0.0,0.0,0.0,,1.0,0.0,0.0,0,0.0,False,primary_disconnected|three_slice_smoothed_central_minimum_is_zero
